data,stato,codice_regione,denominazione_regione,lat,long,ricoverati_con_sintomi,terapia_intensiva,totale_ospedalizzati,isolamento_domiciliare,totale_positivi,variazione_totale_positivi,nuovi_positivi,dimessi_guariti,deceduti,casi_da_sospetto_diagnostico,casi_da_screening,totale_casi,tamponi,casi_testati,note
2020-06-01T17:00:00,ITA,13,Abruzzo,42.35122196,13.39843823,113,6,119,625,744,-31,1,2093,408,,,3245,76924,52646,dc-IT-0037
2020-06-01T17:00:00,ITA,17,Basilicata,40.63947052,15.80514834,4,0,4,24,28,-1,0,344,27,,,399,29956,29196,
2020-06-01T17:00:00,ITA,18,Calabria,38.90597598,16.59440194,20,1,21,114,135,-9,0,926,97,,,1158,70892,68633,
2020-06-01T17:00:00,ITA,15,Campania,40.83956555,14.25084984,224,6,230,709,939,-41,4,3454,413,,,4806,203858,99580,
2020-06-01T17:00:00,ITA,08,Emilia-Romagna,44.49436681,11.341720800000001,383,54,437,2631,3068,-95,19,20617,4124,,,27809,329358,198884,
2020-06-01T17:00:00,ITA,06,Friuli Venezia Giulia,45.6494354,13.76813649,40,2,42,224,266,-12,1,2673,335,,,3274,135431,80085,
2020-06-01T17:00:00,ITA,12,Lazio,41.89277044,12.48366722,594,56,650,2244,2894,-89,10,4105,739,,,7738,257563,208081,
2020-06-01T17:00:00,ITA,07,Liguria,44.41149315,8.9326992,191,7,198,413,611,-58,56,7641,1467,,,9719,107787,60117,
2020-06-01T17:00:00,ITA,03,Lombardia,45.46679409,9.190347404,3085,167,3252,17609,20861,-135,50,52026,16131,,,89018,757446,447874,
2020-06-01T17:00:00,ITA,11,Marche,43.61675973,13.5188753,63,9,72,1255,1327,-11,0,4416,987,,,6730,103994,65848,
2020-06-01T17:00:00,ITA,14,Molise,41.55774754,14.65916051,2,2,4,131,135,-10,0,279,22,,,436,14819,14147,
2020-06-01T17:00:00,ITA,21,P.A. Bolzano,46.49933453,11.35662422,13,4,17,106,123,-4,1,2184,291,,,2598,67121,31254,
2020-06-01T17:00:00,ITA,22,P.A. Trento,46.06893511,11.12123097,14,3,17,276,293,-11,2,3677,462,,,4432,89235,48853,
2020-06-01T17:00:00,ITA,01,Piemonte,45.0732745,7.680687483,904,54,958,4104,5062,-99,21,21720,3876,,,30658,321476,209006,
2020-06-01T17:00:00,ITA,16,Puglia,41.12559576,16.86736689,140,11,151,1004,1155,-22,4,2837,506,,,4498,119650,80390,
2020-06-01T17:00:00,ITA,20,Sardegna,39.21531192,9.110616306,23,1,24,137,161,-24,1,1065,131,,,1357,57687,49354,
2020-06-01T17:00:00,ITA,19,Sicilia,38.11569725,13.362356699999998,65,8,73,894,967,-19,0,2202,274,,,3443,151186,129103,
2020-06-01T17:00:00,ITA,09,Toscana,43.76923077,11.25588885,85,25,110,972,1082,-29,3,7977,1048,,,10107,253845,180233,
2020-06-01T17:00:00,ITA,10,Umbria,43.10675841,12.38824698,15,2,17,14,31,0,0,1324,76,,,1431,70741,50790,
2020-06-01T17:00:00,ITA,02,Valle d'Aosta,45.73750286,7.320149366,11,0,11,6,17,2,3,1027,143,,,1187,15230,11950,
2020-06-01T17:00:00,ITA,05,Veneto,45.43490485,12.33845213,110,6,116,1352,1468,-32,2,15768,1918,,,19154,675934,335650,
2020-06-02T17:00:00,ITA,13,Abruzzo,42.35122196,13.39843823,113,6,119,624,743,-1,4,2093,413,,,3249,77892,53279,
2020-06-02T17:00:00,ITA,17,Basilicata,40.63947052,15.80514834,4,0,4,20,24,-4,0,348,27,,,399,30424,29664,
2020-06-02T17:00:00,ITA,18,Calabria,38.90597598,16.59440194,20,1,21,91,112,-23,0,949,97,,,1158,71617,69419,
2020-06-02T17:00:00,ITA,15,Campania,40.83956555,14.25084984,236,7,243,647,890,-49,3,3504,415,,,4809,206834,100269,
2020-06-02T17:00:00,ITA,08,Emilia-Romagna,44.49436681,11.341720800000001,358,50,408,2504,2912,-156,19,20780,4136,,,27828,333629,201267,
2020-06-02T17:00:00,ITA,06,Friuli Venezia Giulia,45.6494354,13.76813649,40,2,42,202,244,-22,2,2696,336,,,3276,136524,80795,
2020-06-02T17:00:00,ITA,12,Lazio,41.89277044,12.48366722,580,56,636,2211,2847,-47,5,4155,741,,,7743,260102,209892,
2020-06-02T17:00:00,ITA,07,Liguria,44.41149315,8.9326992,175,7,182,364,546,-65,15,7720,1468,,,9734,109060,60631,
2020-06-02T17:00:00,ITA,03,Lombardia,45.46679409,9.190347404,3021,166,3187,17068,20255,-606,187,52807,16143,,,89205,766122,451502,
2020-06-02T17:00:00,ITA,11,Marche,43.61675973,13.5188753,60,9,69,1257,1326,-1,4,4421,987,,,6734,104968,66434,
2020-06-02T17:00:00,ITA,14,Molise,41.55774754,14.65916051,3,2,5,128,133,-2,0,281,22,,,436,14951,14278,
2020-06-02T17:00:00,ITA,21,P.A. Bolzano,46.49933453,11.35662422,13,3,16,104,120,-3,0,2187,291,,,2598,67643,31610,
2020-06-02T17:00:00,ITA,22,P.A. Trento,46.06893511,11.12123097,14,2,16,267,283,-10,0,3686,463,,,4432,89787,49173,
2020-06-02T17:00:00,ITA,01,Piemonte,45.0732745,7.680687483,849,46,895,3933,4828,-234,57,22003,3884,,,30715,325097,211174,
2020-06-02T17:00:00,ITA,16,Puglia,41.12559576,16.86736689,134,11,145,906,1051,-104,0,2939,508,,,4498,121460,81372,
2020-06-02T17:00:00,ITA,20,Sardegna,39.21531192,9.110616306,21,1,22,133,155,-6,0,1071,131,,,1357,58224,49736,
2020-06-02T17:00:00,ITA,19,Sicilia,38.11569725,13.362356699999998,62,7,69,897,966,-1,4,2206,275,,,3447,153417,130886,
2020-06-02T17:00:00,ITA,09,Toscana,43.76923077,11.25588885,85,25,110,901,1011,-71,10,8053,1053,,,10117,257178,182335,
2020-06-02T17:00:00,ITA,10,Umbria,43.10675841,12.38824698,15,2,17,14,31,0,0,1324,76,,,1431,71769,51508,
2020-06-02T17:00:00,ITA,02,Valle d'Aosta,45.73750286,7.320149366,10,0,10,3,13,-4,0,1031,143,,,1187,15327,12027,
2020-06-02T17:00:00,ITA,05,Veneto,45.43490485,12.33845213,103,5,108,1295,1403,-65,8,15838,1921,,,19162,690267,340051,
2020-06-03T17:00:00,ITA,13,Abruzzo,42.35122196,13.39843823,112,3,115,621,736,-7,3,2102,414,,,3252,78356,53555,
2020-06-03T17:00:00,ITA,17,Basilicata,40.63947052,15.80514834,4,0,4,19,23,-1,0,349,27,,,399,30708,29938,
2020-06-03T17:00:00,ITA,18,Calabria,38.90597598,16.59440194,20,0,20,90,110,-2,0,951,97,,,1158,72237,69978,
2020-06-03T17:00:00,ITA,15,Campania,40.83956555,14.25084984,206,4,210,659,869,-21,12,3537,415,,,4821,208854,101664,
2020-06-03T17:00:00,ITA,08,Emilia-Romagna,44.49436681,11.341720800000001,342,50,392,2447,2839,-73,14,20856,4147,,,27842,336630,202506,
2020-06-03T17:00:00,ITA,06,Friuli Venezia Giulia,45.6494354,13.76813649,39,2,41,192,233,-11,0,2707,336,,,3276,138250,81683,
2020-06-03T17:00:00,ITA,12,Lazio,41.89277044,12.48366722,519,51,570,2248,2818,-29,10,4188,747,,,7753,262461,211669,
2020-06-03T17:00:00,ITA,07,Liguria,44.41149315,8.9326992,169,6,175,339,514,-32,17,7764,1473,,,9751,110006,61006,
2020-06-03T17:00:00,ITA,03,Lombardia,45.46679409,9.190347404,2995,131,3126,17098,20224,-31,237,53046,16172,,,89442,777477,458782,
2020-06-03T17:00:00,ITA,11,Marche,43.61675973,13.5188753,57,8,65,1245,1310,-16,1,4438,987,,,6735,105679,66805,
2020-06-03T17:00:00,ITA,14,Molise,41.55774754,14.65916051,1,2,3,124,127,-6,0,287,22,,,436,15123,14439,
2020-06-03T17:00:00,ITA,21,P.A. Bolzano,46.49933453,11.35662422,13,3,16,104,120,0,0,2187,291,,,2598,67965,31800,
2020-06-03T17:00:00,ITA,22,P.A. Trento,46.06893511,11.12123097,15,2,17,205,222,-61,1,3748,463,,,4433,91021,49626,
2020-06-03T17:00:00,ITA,01,Piemonte,45.0732745,7.680687483,841,44,885,3801,4686,-142,19,22150,3898,,,30734,327206,212012,
2020-06-03T17:00:00,ITA,16,Puglia,41.12559576,16.86736689,131,10,141,895,1036,-15,1,2952,511,,,4499,122506,82041,
2020-06-03T17:00:00,ITA,20,Sardegna,39.21531192,9.110616306,12,1,13,133,146,-9,0,1080,131,,,1357,58605,50057,
2020-06-03T17:00:00,ITA,19,Sicilia,38.11569725,13.362356699999998,60,7,67,813,880,-86,0,2292,275,,,3447,154873,131820,
2020-06-03T17:00:00,ITA,09,Toscana,43.76923077,11.25588885,76,25,101,872,973,-38,4,8093,1055,,,10121,259167,183229,
2020-06-03T17:00:00,ITA,10,Umbria,43.10675841,12.38824698,15,2,17,14,31,0,0,1324,76,,,1431,72001,51310,
2020-06-03T17:00:00,ITA,02,Valle d'Aosta,45.73750286,7.320149366,9,0,9,4,13,0,0,1031,143,,,1187,15413,12084,
2020-06-03T17:00:00,ITA,05,Veneto,45.43490485,12.33845213,106,2,108,1279,1387,-16,2,15856,1921,,,19164,695053,341333,
2020-06-04T17:00:00,ITA,13,Abruzzo,42.35122196,13.39843823,109,3,112,592,704,-32,3,2136,415,,,3255,79720,54527,
2020-06-04T17:00:00,ITA,17,Basilicata,40.63947052,15.80514834,3,0,3,17,20,-3,0,352,27,,,399,31096,30706,
2020-06-04T17:00:00,ITA,18,Calabria,38.90597598,16.59440194,19,0,19,83,102,-8,0,959,97,,,1158,73072,70813,
2020-06-04T17:00:00,ITA,15,Campania,40.83956555,14.25084984,160,5,165,665,830,-39,1,3572,420,,,4822,210001,102305,
2020-06-04T17:00:00,ITA,08,Emilia-Romagna,44.49436681,11.341720800000001,320,49,369,2319,2688,-151,18,21018,4154,,,27860,341710,204614,
2020-06-04T17:00:00,ITA,06,Friuli Venezia Giulia,45.6494354,13.76813649,34,2,36,177,213,-20,3,2730,336,,,3279,138942,81854,
2020-06-04T17:00:00,ITA,12,Lazio,41.89277044,12.48366722,488,51,539,2215,2754,-64,11,4260,750,,,7764,265380,214051,
2020-06-04T17:00:00,ITA,07,Liguria,44.41149315,8.9326992,149,6,155,239,394,-120,21,7899,1479,,,9772,111587,61688,
2020-06-04T17:00:00,ITA,03,Lombardia,45.46679409,9.190347404,2954,125,3079,17145,20224,0,84,53101,16201,,,89526,780887,460658,
2020-06-04T17:00:00,ITA,11,Marche,43.61675973,13.5188753,52,5,57,1246,1303,-7,3,4447,988,,,6738,110077,67429,dc-IT-0038
2020-06-04T17:00:00,ITA,14,Molise,41.55774754,14.65916051,0,2,2,123,125,-2,0,288,23,,,436,15261,15261,
2020-06-04T17:00:00,ITA,21,P.A. Bolzano,46.49933453,11.35662422,7,2,9,103,112,-8,0,2194,292,,,2598,68513,32135,
2020-06-04T17:00:00,ITA,22,P.A. Trento,46.06893511,11.12123097,14,1,15,192,207,-15,0,3762,464,,,4433,91631,49920,
2020-06-04T17:00:00,ITA,01,Piemonte,45.0732745,7.680687483,808,43,851,3705,4556,-130,24,22292,3910,,,30758,331241,214551,
2020-06-04T17:00:00,ITA,16,Puglia,41.12559576,16.86736689,131,9,140,827,967,-69,4,3022,514,,,4503,125049,83870,
2020-06-04T17:00:00,ITA,20,Sardegna,39.21531192,9.110616306,12,1,13,95,108,-38,0,1118,131,,,1357,59556,50865,
2020-06-04T17:00:00,ITA,19,Sicilia,38.11569725,13.362356699999998,57,6,63,816,879,-1,0,2292,276,,,3447,157868,134035,
2020-06-04T17:00:00,ITA,09,Toscana,43.76923077,11.25588885,65,24,89,794,883,-90,1,8180,1059,,,10122,262762,186632,
2020-06-04T17:00:00,ITA,10,Umbria,43.10675841,12.38824698,15,2,17,14,31,0,0,1324,76,,,1431,73204,52223,
2020-06-04T17:00:00,ITA,02,Valle d'Aosta,45.73750286,7.320149366,9,0,9,1,10,-3,0,1034,143,,,1187,15512,12156,
2020-06-04T17:00:00,ITA,05,Veneto,45.43490485,12.33845213,97,2,99,1220,1319,-68,4,15915,1934,,,19168,706475,344495,
2020-06-05T17:00:00,ITA,13,Abruzzo,42.35122196,13.39843823,103,4,107,563,670,-34,2,2172,415,,,3257,80972,55295,
2020-06-05T17:00:00,ITA,17,Basilicata,40.63947052,15.80514834,0,0,0,18,18,-2,0,354,27,,,399,31485,30705,
2020-06-05T17:00:00,ITA,18,Calabria,38.90597598,16.59440194,18,0,18,79,97,-5,1,965,97,,,1159,74186,72124,
2020-06-05T17:00:00,ITA,15,Campania,40.83956555,14.25084984,133,7,140,634,774,-56,0,3623,425,,,4822,212486,104169,
2020-06-05T17:00:00,ITA,08,Emilia-Romagna,44.49436681,11.341720800000001,281,38,319,2193,2512,-176,17,21198,4167,,,27877,347146,207533,
2020-06-05T17:00:00,ITA,06,Friuli Venezia Giulia,45.6494354,13.76813649,25,2,27,153,180,-33,1,2762,338,,,3280,142246,83600,
2020-06-05T17:00:00,ITA,12,Lazio,41.89277044,12.48366722,480,51,531,2179,2710,-44,9,4309,754,,,7773,268561,216743,
2020-06-05T17:00:00,ITA,07,Liguria,44.41149315,8.9326992,142,6,148,96,244,-150,14,8056,1486,,,9786,113329,62417,
2020-06-05T17:00:00,ITA,03,Lombardia,45.46679409,9.190347404,2960,120,3080,16773,19853,-371,402,53853,16222,,,89928,800276,475041,
2020-06-05T17:00:00,ITA,11,Marche,43.61675973,13.5188753,50,5,55,1238,1293,-10,2,4458,989,,,6740,111431,68197,
2020-06-05T17:00:00,ITA,14,Molise,41.55774754,14.65916051,0,2,2,120,122,-3,0,291,23,,,436,15568,15568,
2020-06-05T17:00:00,ITA,21,P.A. Bolzano,46.49933453,11.35662422,10,2,12,89,101,-11,1,2206,292,,,2599,69466,32665,
2020-06-05T17:00:00,ITA,22,P.A. Trento,46.06893511,11.12123097,8,1,9,114,123,-84,0,3846,464,,,4433,92916,50312,
2020-06-05T17:00:00,ITA,01,Piemonte,45.0732745,7.680687483,743,40,783,3586,4369,-187,49,22511,3927,,,30807,335814,217032,
2020-06-05T17:00:00,ITA,16,Puglia,41.12559576,16.86736689,111,5,116,730,846,-121,4,3140,521,,,4507,127520,85007,
2020-06-05T17:00:00,ITA,20,Sardegna,39.21531192,9.110616306,11,0,11,56,67,-41,2,1161,131,,,1359,60794,51853,
2020-06-05T17:00:00,ITA,19,Sicilia,38.11569725,13.362356699999998,54,6,60,812,872,-7,1,2300,276,,,3448,160639,136155,
2020-06-05T17:00:00,ITA,09,Toscana,43.76923077,11.25588885,55,23,78,779,857,-26,7,8209,1063,,,10129,266508,188882,
2020-06-05T17:00:00,ITA,10,Umbria,43.10675841,12.38824698,12,2,14,15,29,-2,0,1326,76,,,1431,74142,52888,
2020-06-05T17:00:00,ITA,02,Valle d'Aosta,45.73750286,7.320149366,9,0,9,1,10,0,0,1034,143,,,1187,15587,12200,
2020-06-05T17:00:00,ITA,05,Veneto,45.43490485,12.33845213,96,2,98,1131,1229,-90,6,16007,1938,,,19174,713500,346872,
2020-06-06T17:00:00,ITA,13,Abruzzo,42.35122196,13.39843823,96,3,99,554,653,-17,1,2187,418,,,3258,82332,56223,
2020-06-06T17:00:00,ITA,17,Basilicata,40.63947052,15.80514834,0,0,0,17,17,-1,0,355,27,,,399,31882,31102,
2020-06-06T17:00:00,ITA,18,Calabria,38.90597598,16.59440194,18,0,18,73,91,-6,0,971,97,,,1159,75290,73228,
2020-06-06T17:00:00,ITA,15,Campania,40.83956555,14.25084984,97,7,104,634,738,-36,0,3658,426,,,4822,215404,105814,
2020-06-06T17:00:00,ITA,08,Emilia-Romagna,44.49436681,11.341720800000001,256,35,291,2125,2416,-96,17,21307,4171,,,27894,351146,210719,
2020-06-06T17:00:00,ITA,06,Friuli Venezia Giulia,45.6494354,13.76813649,24,2,26,135,161,-19,3,2784,338,,,3283,146338,84978,
2020-06-06T17:00:00,ITA,12,Lazio,41.89277044,12.48366722,477,49,526,2171,2697,-13,28,4346,758,,,7801,271662,219363,
2020-06-06T17:00:00,ITA,07,Liguria,44.41149315,8.9326992,136,4,140,105,245,1,13,8062,1492,,,9799,114887,63119,
2020-06-06T17:00:00,ITA,03,Lombardia,45.46679409,9.190347404,2840,110,2950,16549,19499,-354,142,54322,16249,,,90070,813972,480566,
2020-06-06T17:00:00,ITA,11,Marche,43.61675973,13.5188753,46,3,49,1146,1195,-98,2,4556,991,,,6742,112740,68775,
2020-06-06T17:00:00,ITA,14,Molise,41.55774754,14.65916051,0,2,2,119,121,-1,0,292,23,,,436,16522,15809,
2020-06-06T17:00:00,ITA,21,P.A. Bolzano,46.49933453,11.35662422,7,2,9,91,100,-1,1,2208,292,,,2600,70578,33291,
2020-06-06T17:00:00,ITA,22,P.A. Trento,46.06893511,11.12123097,6,1,7,97,104,-19,1,3866,464,,,4434,94159,50758,
2020-06-06T17:00:00,ITA,01,Piemonte,45.0732745,7.680687483,684,37,721,3446,4167,-202,38,22744,3934,,,30845,340176,219444,
2020-06-06T17:00:00,ITA,16,Puglia,41.12559576,16.86736689,109,4,113,645,758,-88,4,3231,522,,,4511,129898,86405,
2020-06-06T17:00:00,ITA,20,Sardegna,39.21531192,9.110616306,10,1,11,49,60,-7,3,1171,131,,,1362,62145,52956,
2020-06-06T17:00:00,ITA,19,Sicilia,38.11569725,13.362356699999998,47,7,54,812,866,-6,2,2308,276,,,3450,163432,138343,
2020-06-06T17:00:00,ITA,09,Toscana,43.76923077,11.25588885,49,22,71,714,785,-72,5,8281,1068,,,10134,269298,190860,
2020-06-06T17:00:00,ITA,10,Umbria,43.10675841,12.38824698,11,2,13,15,28,-1,0,1327,76,,,1431,75336,53733,
2020-06-06T17:00:00,ITA,02,Valle d'Aosta,45.73750286,7.320149366,7,0,7,5,12,2,2,1033,144,,,1189,15730,12289,
2020-06-06T17:00:00,ITA,05,Veneto,45.43490485,12.33845213,82,2,84,1080,1164,-65,8,16069,1949,,,19182,734130,351519,
2020-06-07T17:00:00,ITA,13,Abruzzo,42.35122196,13.39843823,88,4,92,561,653,0,7,2194,418,,,3265,83020,56702,
2020-06-07T17:00:00,ITA,17,Basilicata,40.63947052,15.80514834,0,0,0,14,14,-3,0,358,27,,,399,32147,31357,
2020-06-07T17:00:00,ITA,18,Calabria,38.90597598,16.59440194,18,0,18,73,91,0,0,971,97,,,1159,76142,74080,
2020-06-07T17:00:00,ITA,15,Campania,40.83956555,14.25084984,86,6,92,633,725,-13,4,3675,426,,,4826,217898,108785,
2020-06-07T17:00:00,ITA,08,Emilia-Romagna,44.49436681,11.341720800000001,245,32,277,2051,2328,-88,14,21405,4175,,,27908,355952,213979,
2020-06-07T17:00:00,ITA,06,Friuli Venezia Giulia,45.6494354,13.76813649,22,4,26,125,151,-10,0,2793,339,,,3283,147673,85671,
2020-06-07T17:00:00,ITA,12,Lazio,41.89277044,12.48366722,467,49,516,2174,2690,-7,11,4362,760,,,7812,274129,221612,
2020-06-07T17:00:00,ITA,07,Liguria,44.41149315,8.9326992,127,5,132,111,243,-2,13,8070,1499,,,9812,116247,63749,
2020-06-07T17:00:00,ITA,03,Lombardia,45.46679409,9.190347404,2801,107,2908,16512,19420,-79,125,54505,16270,,,90195,821977,485842,
2020-06-07T17:00:00,ITA,11,Marche,43.61675973,13.5188753,41,2,43,1116,1159,-36,3,4595,991,,,6745,113729,69376,
2020-06-07T17:00:00,ITA,14,Molise,41.55774754,14.65916051,0,2,2,118,120,-1,0,293,23,,,436,16791,16056,
2020-06-07T17:00:00,ITA,21,P.A. Bolzano,46.49933453,11.35662422,7,2,9,88,97,-3,3,2214,292,,,2603,71755,33944,
2020-06-07T17:00:00,ITA,22,P.A. Trento,46.06893511,11.12123097,6,1,7,75,82,-22,1,3889,464,,,4435,95638,51385,
2020-06-07T17:00:00,ITA,01,Piemonte,45.0732745,7.680687483,659,38,697,3265,3962,-205,10,22952,3941,,,30855,343354,221367,
2020-06-07T17:00:00,ITA,16,Puglia,41.12559576,16.86736689,96,4,100,633,733,-25,0,3253,525,,,4511,131931,86405,
2020-06-07T17:00:00,ITA,20,Sardegna,39.21531192,9.110616306,10,1,11,48,59,-1,0,1172,131,,,1362,63172,53735,
2020-06-07T17:00:00,ITA,19,Sicilia,38.11569725,13.362356699999998,42,7,49,813,862,-4,1,2312,277,,,3451,164985,139481,
2020-06-07T17:00:00,ITA,09,Toscana,43.76923077,11.25588885,52,20,72,678,750,-35,1,8315,1070,,,10135,272106,192675,
2020-06-07T17:00:00,ITA,10,Umbria,43.10675841,12.38824698,10,2,12,17,29,1,1,1327,76,,,1432,76179,54314,
2020-06-07T17:00:00,ITA,02,Valle d'Aosta,45.73750286,7.320149366,6,0,6,3,9,-3,2,1038,144,,,1191,15905,12335,
2020-06-07T17:00:00,ITA,05,Veneto,45.43490485,12.33845213,81,1,82,1003,1085,-79,1,16144,1954,,,19183,745805,354338,
2020-06-08T17:00:00,ITA,13,Abruzzo,42.35122196,13.39843823,89,4,93,539,632,-21,0,2215,418,,,3265,83715,57165,
2020-06-08T17:00:00,ITA,17,Basilicata,40.63947052,15.80514834,0,0,0,13,13,-1,0,359,27,,,399,32720,31930,
2020-06-08T17:00:00,ITA,18,Calabria,38.90597598,16.59440194,18,0,18,59,77,-14,0,985,97,,,1159,76501,74439,
2020-06-08T17:00:00,ITA,15,Campania,40.83956555,14.25084984,82,6,88,629,717,-8,2,3685,426,,,4828,219033,109534,
2020-06-08T17:00:00,ITA,08,Emilia-Romagna,44.49436681,11.341720800000001,239,31,270,2012,2282,-46,20,21467,4179,,,27928,360962,215416,
2020-06-08T17:00:00,ITA,06,Friuli Venezia Giulia,45.6494354,13.76813649,22,3,25,119,144,-7,1,2800,340,,,3284,148030,85834,
2020-06-08T17:00:00,ITA,12,Lazio,41.89277044,12.48366722,466,49,515,2100,2615,-75,16,4450,763,,,7828,275885,222963,
2020-06-08T17:00:00,ITA,07,Liguria,44.41149315,8.9326992,125,5,130,118,248,5,14,8073,1505,,,9826,117410,64349,
2020-06-08T17:00:00,ITA,03,Lombardia,45.46679409,9.190347404,2708,107,2815,16504,19319,-101,194,54768,16302,,,90389,826465,489775,
2020-06-08T17:00:00,ITA,11,Marche,43.61675973,13.5188753,41,2,43,1032,1075,-84,2,4681,991,,,6747,114310,69736,
2020-06-08T17:00:00,ITA,14,Molise,41.55774754,14.65916051,0,2,2,117,119,-1,0,294,23,,,436,16966,16224,
2020-06-08T17:00:00,ITA,21,P.A. Bolzano,46.49933453,11.35662422,7,2,9,88,97,0,1,2215,292,,,2604,72257,34307,
2020-06-08T17:00:00,ITA,22,P.A. Trento,46.06893511,11.12123097,7,1,8,73,81,-1,1,3891,464,,,4436,95825,51453,
2020-06-08T17:00:00,ITA,01,Piemonte,45.0732745,7.680687483,633,36,669,3197,3866,-96,14,23049,3954,,,30869,344924,222000,
2020-06-08T17:00:00,ITA,16,Puglia,41.12559576,16.86736689,94,4,98,600,698,-35,1,3289,525,,,4512,133164,88228,
2020-06-08T17:00:00,ITA,20,Sardegna,39.21531192,9.110616306,9,1,10,46,56,-3,0,1175,131,,,1362,63510,54051,
2020-06-08T17:00:00,ITA,19,Sicilia,38.11569725,13.362356699999998,40,7,47,806,853,-9,1,2321,278,,,3452,165693,140109,
2020-06-08T17:00:00,ITA,09,Toscana,43.76923077,11.25588885,50,20,70,651,721,-29,9,8349,1074,,,10144,273706,193737,
2020-06-08T17:00:00,ITA,10,Umbria,43.10675841,12.38824698,10,2,12,17,29,0,0,1327,76,,,1432,76413,54486,
2020-06-08T17:00:00,ITA,02,Valle d'Aosta,45.73750286,7.320149366,7,0,7,1,8,-1,0,1039,144,,,1191,15910,12385,
2020-06-08T17:00:00,ITA,05,Veneto,45.43490485,12.33845213,82,1,83,997,1080,-5,4,16152,1955,,,19187,750248,355368,
2020-06-09T17:00:00,ITA,13,Abruzzo,42.35122196,13.39843823,91,4,95,472,567,-65,1,2248,451,,,3266,84700,57880,dc-IT-0040
2020-06-09T17:00:00,ITA,17,Basilicata,40.63947052,15.80514834,1,0,1,13,14,1,1,359,27,,,400,33185,32395,
2020-06-09T17:00:00,ITA,18,Calabria,38.90597598,16.59440194,18,0,18,50,68,-9,0,994,97,,,1159,77216,75154,
2020-06-09T17:00:00,ITA,15,Campania,40.83956555,14.25084984,73,3,76,599,675,-42,5,3732,426,,,4833,220662,110583,
2020-06-09T17:00:00,ITA,08,Emilia-Romagna,44.49436681,11.341720800000001,226,31,257,1899,2156,-126,18,21605,4185,,,27946,367485,218890,
2020-06-09T17:00:00,ITA,06,Friuli Venezia Giulia,45.6494354,13.76813649,21,2,23,105,128,-16,0,2816,340,,,3284,148889,86257,
2020-06-09T17:00:00,ITA,12,Lazio,41.89277044,12.48366722,462,47,509,2061,2570,-45,23,4515,766,,,7851,279572,225930,
2020-06-09T17:00:00,ITA,07,Liguria,44.41149315,8.9326992,119,5,124,125,249,1,8,8076,1509,,,9834,118891,65073,
2020-06-09T17:00:00,ITA,03,Lombardia,45.46679409,9.190347404,2660,96,2756,15541,18297,-1022,192,55967,16317,,,90581,836313,496273,
2020-06-09T17:00:00,ITA,11,Marche,43.61675973,13.5188753,32,0,32,960,992,-83,0,4763,992,,,6747,115510,70335,
2020-06-09T17:00:00,ITA,14,Molise,41.55774754,14.65916051,0,2,2,118,120,1,2,295,23,,,438,17162,16411,
2020-06-09T17:00:00,ITA,21,P.A. Bolzano,46.49933453,11.35662422,7,2,9,86,95,-2,0,2217,292,,,2604,72652,34607,
2020-06-09T17:00:00,ITA,22,P.A. Trento,46.06893511,11.12123097,6,1,7,74,81,0,3,3894,464,,,4439,96527,51934,
2020-06-09T17:00:00,ITA,01,Piemonte,45.0732745,7.680687483,599,39,638,3033,3671,-195,21,23258,3961,,,30890,348770,224293,
2020-06-09T17:00:00,ITA,16,Puglia,41.12559576,16.86736689,76,5,81,532,613,-85,0,3373,526,,,4512,135625,90248,
2020-06-09T17:00:00,ITA,20,Sardegna,39.21531192,9.110616306,9,1,10,44,54,-2,-1,1176,131,,,1361,64272,54707,dc-IT-0042
2020-06-09T17:00:00,ITA,19,Sicilia,38.11569725,13.362356699999998,39,6,45,808,853,0,2,2323,278,,,3454,168562,142495,
2020-06-09T17:00:00,ITA,09,Toscana,43.76923077,11.25588885,46,17,63,565,628,-93,1,8440,1077,,,10145,277092,195695,
2020-06-09T17:00:00,ITA,10,Umbria,43.10675841,12.38824698,12,2,14,15,29,0,3,1330,76,,,1435,77427,55145,
2020-06-09T17:00:00,ITA,02,Valle d'Aosta,45.73750286,7.320149366,7,0,7,1,8,0,0,1039,144,,,1191,16040,12436,
2020-06-09T17:00:00,ITA,05,Veneto,45.43490485,12.33845213,77,0,77,927,1004,-76,4,16226,1961,,,19191,762098,358948,
2020-06-10T17:00:00,ITA,13,Abruzzo,42.35122196,13.39843823,83,5,88,462,550,-17,0,2263,453,,,3266,86082,58766,
2020-06-10T17:00:00,ITA,17,Basilicata,40.63947052,15.80514834,1,0,1,10,11,-3,0,362,27,,,400,33551,32761,
2020-06-10T17:00:00,ITA,18,Calabria,38.90597598,16.59440194,18,0,18,36,54,-14,0,1008,97,,,1159,78174,76112,
2020-06-10T17:00:00,ITA,15,Campania,40.83956555,14.25084984,74,2,76,566,642,-33,1,3764,428,,,4834,223302,112309,
2020-06-10T17:00:00,ITA,08,Emilia-Romagna,44.49436681,11.341720800000001,228,25,253,1808,2061,-95,24,21717,4192,,,27970,375278,223413,
2020-06-10T17:00:00,ITA,06,Friuli Venezia Giulia,45.6494354,13.76813649,25,1,26,87,113,-15,2,2832,341,,,3286,152866,90061,
2020-06-10T17:00:00,ITA,12,Lazio,41.89277044,12.48366722,368,47,415,2151,2566,-4,18,4533,770,,,7869,283630,229513,
2020-06-10T17:00:00,ITA,07,Liguria,44.41149315,8.9326992,110,3,113,132,245,-4,20,8096,1513,,,9854,121023,66009,
2020-06-10T17:00:00,ITA,03,Lombardia,45.46679409,9.190347404,2565,98,2663,15194,17857,-440,99,56474,16349,,,90680,845618,502047,
2020-06-10T17:00:00,ITA,11,Marche,43.61675973,13.5188753,29,0,29,918,947,-45,3,4811,992,,,6750,116320,70837,
2020-06-10T17:00:00,ITA,14,Molise,41.55774754,14.65916051,0,2,2,118,120,0,1,296,23,,,439,17375,16611,
2020-06-10T17:00:00,ITA,21,P.A. Bolzano,46.49933453,11.35662422,7,2,9,85,94,-1,0,2218,292,,,2604,73404,35148,
2020-06-10T17:00:00,ITA,22,P.A. Trento,46.06893511,11.12123097,6,1,7,73,80,-1,0,3895,464,,,4439,97739,52412,
2020-06-10T17:00:00,ITA,01,Piemonte,45.0732745,7.680687483,564,35,599,2773,3372,-299,26,23568,3976,,,30916,353737,226874,
2020-06-10T17:00:00,ITA,16,Puglia,41.12559576,16.86736689,71,4,75,482,557,-56,0,3426,529,,,4512,138377,91918,
2020-06-10T17:00:00,ITA,20,Sardegna,39.21531192,9.110616306,9,1,10,40,50,-4,0,1180,131,,,1361,65175,55439,
2020-06-10T17:00:00,ITA,19,Sicilia,38.11569725,13.362356699999998,40,6,46,807,853,0,1,2324,278,,,3455,171384,144193,
2020-06-10T17:00:00,ITA,09,Toscana,43.76923077,11.25588885,40,15,55,484,539,-89,3,8531,1078,,,10148,280491,198466,
2020-06-10T17:00:00,ITA,10,Umbria,43.10675841,12.38824698,13,2,15,13,28,-1,1,1332,76,,,1436,78366,55763,
2020-06-10T17:00:00,ITA,02,Valle d'Aosta,45.73750286,7.320149366,3,0,3,3,6,-2,0,1041,144,,,1191,16141,12502,
2020-06-10T17:00:00,ITA,05,Veneto,45.43490485,12.33845213,66,0,66,899,965,-39,3,16268,1961,,,19194,773316,362400,
2020-06-11T17:00:00,ITA,13,Abruzzo,42.35122196,13.39843823,81,5,86,453,539,-11,1,2275,453,,,3267,87566,59505,
2020-06-11T17:00:00,ITA,17,Basilicata,40.63947052,15.80514834,0,1,1,11,12,1,1,362,27,,,401,33957,33167,
2020-06-11T17:00:00,ITA,18,Calabria,38.90597598,16.59440194,16,1,17,35,52,-2,2,1012,97,,,1161,79025,76963,
2020-06-11T17:00:00,ITA,15,Campania,40.83956555,14.25084984,74,2,76,534,610,-32,3,3797,430,,,4837,226823,114073,
2020-06-11T17:00:00,ITA,08,Emilia-Romagna,44.49436681,11.341720800000001,216,18,234,1766,2000,-61,25,21803,4192,,,27995,385220,227500,
2020-06-11T17:00:00,ITA,06,Friuli Venezia Giulia,45.6494354,13.76813649,22,0,22,90,112,-1,1,2833,342,,,3287,153763,90508,
2020-06-11T17:00:00,ITA,12,Lazio,41.89277044,12.48366722,320,46,366,2151,2517,-49,20,4596,776,,,7889,287888,233158,
2020-06-11T17:00:00,ITA,07,Liguria,44.41149315,8.9326992,107,3,110,140,250,5,10,8100,1514,,,9864,122654,66755,
2020-06-11T17:00:00,ITA,03,Lombardia,45.46679409,9.190347404,2488,97,2585,14755,17340,-517,252,57218,16374,,,90932,858994,509853,
2020-06-11T17:00:00,ITA,11,Marche,43.61675973,13.5188753,26,0,26,876,902,-45,1,4857,992,,,6751,117720,71531,
2020-06-11T17:00:00,ITA,14,Molise,41.55774754,14.65916051,1,1,2,114,116,-4,0,300,23,,,439,17710,16916,
2020-06-11T17:00:00,ITA,21,P.A. Bolzano,46.49933453,11.35662422,8,2,10,89,99,5,2,2215,292,,,2606,74106,35553,
2020-06-11T17:00:00,ITA,22,P.A. Trento,46.06893511,11.12123097,5,1,6,65,71,-9,2,3906,464,,,4441,98969,52795,
2020-06-11T17:00:00,ITA,01,Piemonte,45.0732745,7.680687483,544,33,577,2606,3183,-189,42,23787,3988,,,30958,357957,229096,
2020-06-11T17:00:00,ITA,16,Puglia,41.12559576,16.86736689,65,3,68,399,467,-90,1,3516,530,,,4513,141322,93130,
2020-06-11T17:00:00,ITA,20,Sardegna,39.21531192,9.110616306,10,1,11,32,43,-7,1,1188,131,,,1362,66133,56226,
2020-06-11T17:00:00,ITA,19,Sicilia,38.11569725,13.362356699999998,37,5,42,807,849,-4,0,2327,279,,,3455,174429,146290,
2020-06-11T17:00:00,ITA,09,Toscana,43.76923077,11.25588885,42,15,57,464,521,-18,10,8558,1079,,,10158,283638,200500,
2020-06-11T17:00:00,ITA,10,Umbria,43.10675841,12.38824698,11,2,13,13,26,-2,0,1334,76,,,1436,79234,56310,
2020-06-11T17:00:00,ITA,02,Valle d'Aosta,45.73750286,7.320149366,6,0,6,0,6,0,0,1041,144,,,1191,16268,12606,
2020-06-11T17:00:00,ITA,05,Veneto,45.43490485,12.33845213,52,0,52,870,922,-43,5,16313,1964,,,19199,780445,364110,
2020-06-12T17:00:00,ITA,13,Abruzzo,42.35122196,13.39843823,76,4,80,448,528,-11,4,2290,453,,,3271,88739,60229,
2020-06-12T17:00:00,ITA,17,Basilicata,40.63947052,15.80514834,0,1,1,11,12,0,0,362,27,,,401,34377,33587,
2020-06-12T17:00:00,ITA,18,Calabria,38.90597598,16.59440194,16,1,17,30,47,-5,0,1017,97,,,1161,80063,78001,
2020-06-12T17:00:00,ITA,15,Campania,40.83956555,14.25084984,61,2,63,283,346,-264,-229,3832,430,,,4608,230551,115842,dc-IT-0046
2020-06-12T17:00:00,ITA,08,Emilia-Romagna,44.49436681,11.341720800000001,200,17,217,1600,1817,-183,33,22015,4196,,,28028,393539,231752,
2020-06-12T17:00:00,ITA,06,Friuli Venezia Giulia,45.6494354,13.76813649,18,0,18,90,108,-4,3,2840,342,,,3290,157909,92278,
2020-06-12T17:00:00,ITA,12,Lazio,41.89277044,12.48366722,293,47,340,1882,2222,-295,27,4913,781,,,7916,291869,237100,
2020-06-12T17:00:00,ITA,07,Liguria,44.41149315,8.9326992,103,3,106,143,249,-1,7,8106,1516,,,9871,124320,67544,
2020-06-12T17:00:00,ITA,03,Lombardia,45.46679409,9.190347404,2357,97,2454,14570,17024,-316,272,57775,16405,,,91204,873831,519095,
2020-06-12T17:00:00,ITA,11,Marche,43.61675973,13.5188753,22,0,22,728,750,-152,1,5009,993,,,6752,119045,72169,
2020-06-12T17:00:00,ITA,14,Molise,41.55774754,14.65916051,1,1,2,112,114,-2,0,302,23,,,439,18112,17279,
2020-06-12T17:00:00,ITA,21,P.A. Bolzano,46.49933453,11.35662422,8,2,10,91,101,2,2,2216,291,,,2608,74859,35974,dc-IT-0044
2020-06-12T17:00:00,ITA,22,P.A. Trento,46.06893511,11.12123097,5,1,6,62,68,-3,2,3911,464,,,4443,100400,53453,
2020-06-12T17:00:00,ITA,01,Piemonte,45.0732745,7.680687483,527,30,557,2340,2897,-286,31,24096,3996,,,30989,361164,230888,
2020-06-12T17:00:00,ITA,16,Puglia,41.12559576,16.86736689,61,2,63,376,439,-28,2,3544,532,,,4515,143844,94456,
2020-06-12T17:00:00,ITA,20,Sardegna,39.21531192,9.110616306,10,1,11,31,42,-1,1,1190,131,,,1363,67069,56937,
2020-06-12T17:00:00,ITA,19,Sicilia,38.11569725,13.362356699999998,34,3,37,804,841,-8,0,2335,279,,,3455,176233,147871,
2020-06-12T17:00:00,ITA,09,Toscana,43.76923077,11.25588885,36,14,50,460,510,-11,7,8575,1080,,,10165,286693,202577,
2020-06-12T17:00:00,ITA,10,Umbria,43.10675841,12.38824698,10,1,11,13,24,-2,0,1336,76,,,1436,80190,56914,
2020-06-12T17:00:00,ITA,02,Valle d'Aosta,45.73750286,7.320149366,6,0,6,3,9,3,0,1038,144,,,1191,16374,12671,
2020-06-12T17:00:00,ITA,05,Veneto,45.43490485,12.33845213,49,0,49,800,849,-73,0,16383,1967,,,19199,795260,367579,
2020-06-13T17:00:00,ITA,13,Abruzzo,42.35122196,13.39843823,72,4,76,433,509,-19,4,2312,454,,,3275,90340,61177,
2020-06-13T17:00:00,ITA,17,Basilicata,40.63947052,15.80514834,0,1,1,10,11,-1,0,363,27,,,401,34681,33891,
2020-06-13T17:00:00,ITA,18,Calabria,38.90597598,16.59440194,15,1,16,29,45,-2,1,1020,97,,,1162,81255,79193,
2020-06-13T17:00:00,ITA,15,Campania,40.83956555,14.25084984,67,2,69,268,337,-9,0,3841,430,,,4608,234666,118820,
2020-06-13T17:00:00,ITA,08,Emilia-Romagna,44.49436681,11.341720800000001,192,15,207,1520,1727,-90,28,22130,4199,,,28056,400902,237236,
2020-06-13T17:00:00,ITA,06,Friuli Venezia Giulia,45.6494354,13.76813649,15,0,15,90,105,-3,6,2848,343,,,3296,158870,93222,
2020-06-13T17:00:00,ITA,12,Lazio,41.89277044,12.48366722,303,45,348,1009,1357,-865,25,5778,806,,,7941,294654,239788,dc-IT-0048
2020-06-13T17:00:00,ITA,07,Liguria,44.41149315,8.9326992,91,3,94,150,244,-5,4,8113,1518,,,9875,125871,68333,
2020-06-13T17:00:00,ITA,03,Lombardia,45.46679409,9.190347404,2252,96,2348,14437,16785,-239,210,58201,16428,,,91414,883305,524774,
2020-06-13T17:00:00,ITA,11,Marche,43.61675973,13.5188753,22,0,22,655,677,-73,2,5084,993,,,6754,120308,72713,
2020-06-13T17:00:00,ITA,14,Molise,41.55774754,14.65916051,0,0,0,97,97,-17,0,319,23,,,439,18495,17630,
2020-06-13T17:00:00,ITA,21,P.A. Bolzano,46.49933453,11.35662422,7,2,9,86,95,-6,2,2224,291,,,2610,75735,36393,
2020-06-13T17:00:00,ITA,22,P.A. Trento,46.06893511,11.12123097,5,1,6,64,70,2,3,3912,464,,,4446,102138,54175,
2020-06-13T17:00:00,ITA,01,Piemonte,45.0732745,7.680687483,510,27,537,2283,2820,-77,40,24203,4006,,,31029,365223,232980,
2020-06-13T17:00:00,ITA,16,Puglia,41.12559576,16.86736689,60,2,62,360,422,-17,0,3561,532,,,4515,145905,96053,
2020-06-13T17:00:00,ITA,20,Sardegna,39.21531192,9.110616306,12,0,12,22,34,-8,0,1197,132,,,1363,68079,57763,
2020-06-13T17:00:00,ITA,19,Sicilia,38.11569725,13.362356699999998,33,3,36,806,842,1,1,2335,279,,,3456,178319,149516,
2020-06-13T17:00:00,ITA,09,Toscana,43.76923077,11.25588885,33,16,49,453,502,-8,7,8588,1082,,,10172,289524,204513,
2020-06-13T17:00:00,ITA,10,Umbria,43.10675841,12.38824698,10,1,11,10,21,-3,0,1339,76,,,1436,81155,57511,
2020-06-13T17:00:00,ITA,02,Valle d'Aosta,45.73750286,7.320149366,7,0,7,0,7,-2,0,1040,144,,,1191,16476,12736,
2020-06-13T17:00:00,ITA,05,Veneto,45.43490485,12.33845213,41,1,42,736,778,-71,13,16457,1977,,,19212,798290,368659,
2020-06-14T17:00:00,ITA,13,Abruzzo,42.35122196,13.39843823,71,4,75,436,511,2,4,2312,456,,,3279,91445,61873,
2020-06-14T17:00:00,ITA,17,Basilicata,40.63947052,15.80514834,0,1,1,10,11,0,0,363,27,,,401,35139,34349,
2020-06-14T17:00:00,ITA,18,Calabria,38.90597598,16.59440194,15,1,16,28,44,-1,0,1021,97,,,1162,81981,79919,
2020-06-14T17:00:00,ITA,15,Campania,40.83956555,14.25084984,53,2,55,264,319,-18,1,3860,430,,,4609,240290,121618,
2020-06-14T17:00:00,ITA,08,Emilia-Romagna,44.49436681,11.341720800000001,192,14,206,1431,1637,-90,17,22232,4204,,,28073,407039,241833,
2020-06-14T17:00:00,ITA,06,Friuli Venezia Giulia,45.6494354,13.76813649,15,1,16,87,103,-2,0,2850,343,,,3296,160824,93641,
2020-06-14T17:00:00,ITA,12,Lazio,41.89277044,12.48366722,305,37,342,980,1322,-35,14,5825,808,,,7955,297615,242245,
2020-06-14T17:00:00,ITA,07,Liguria,44.41149315,8.9326992,85,3,88,155,243,-1,4,8115,1521,,,9879,126705,68766,
2020-06-14T17:00:00,ITA,03,Lombardia,45.46679409,9.190347404,2116,94,2210,13779,15989,-796,244,59220,16449,,,91658,892641,530683,
2020-06-14T17:00:00,ITA,11,Marche,43.61675973,13.5188753,21,0,21,605,626,-51,4,5139,993,,,6758,121354,73298,
2020-06-14T17:00:00,ITA,14,Molise,41.55774754,14.65916051,0,0,0,74,74,-23,0,342,23,,,439,18845,17947,
2020-06-14T17:00:00,ITA,21,P.A. Bolzano,46.49933453,11.35662422,8,2,10,85,95,0,3,2227,291,,,2613,76195,36607,
2020-06-14T17:00:00,ITA,22,P.A. Trento,46.06893511,11.12123097,5,1,6,60,66,-4,1,3917,464,,,4447,103910,55054,
2020-06-14T17:00:00,ITA,01,Piemonte,45.0732745,7.680687483,517,26,543,2105,2648,-172,30,24399,4012,,,31059,368065,234561,
2020-06-14T17:00:00,ITA,16,Puglia,41.12559576,16.86736689,57,2,59,359,418,-4,0,3565,532,,,4515,147249,96820,
2020-06-14T17:00:00,ITA,20,Sardegna,39.21531192,9.110616306,12,0,12,21,33,-1,0,1198,132,,,1363,68769,58281,
2020-06-14T17:00:00,ITA,19,Sicilia,38.11569725,13.362356699999998,32,3,35,802,837,-5,1,2341,279,,,3457,179438,150233,
2020-06-14T17:00:00,ITA,09,Toscana,43.76923077,11.25588885,34,16,50,449,499,-3,8,8596,1085,,,10180,292101,206348,
2020-06-14T17:00:00,ITA,10,Umbria,43.10675841,12.38824698,9,1,10,10,20,-1,0,1339,77,,,1436,81976,58013,
2020-06-14T17:00:00,ITA,02,Valle d'Aosta,45.73750286,7.320149366,7,0,7,0,7,0,0,1040,144,,,1191,16597,12806,
2020-06-14T17:00:00,ITA,05,Veneto,45.43490485,12.33845213,40,1,41,731,772,-6,7,16469,1978,,,19219,812540,371726,
2020-06-15T17:00:00,ITA,13,Abruzzo,42.35122196,13.39843823,71,3,74,412,486,-25,0,2337,456,,,3279,91700,62048,
2020-06-15T17:00:00,ITA,17,Basilicata,40.63947052,15.80514834,0,1,1,10,11,0,0,363,27,,,401,35233,34443,
2020-06-15T17:00:00,ITA,18,Calabria,38.90597598,16.59440194,17,1,18,19,37,-7,0,1028,97,,,1162,82392,80330,
2020-06-15T17:00:00,ITA,15,Campania,40.83956555,14.25084984,58,2,60,229,289,-30,4,3894,430,,,4613,241380,122291,
2020-06-15T17:00:00,ITA,08,Emilia-Romagna,44.49436681,11.341720800000001,188,13,201,1299,1500,-137,11,22377,4207,,,28084,410984,244630,
2020-06-15T17:00:00,ITA,06,Friuli Venezia Giulia,45.6494354,13.76813649,15,1,16,83,99,-4,0,2854,343,,,3296,161945,94567,
2020-06-15T17:00:00,ITA,12,Lazio,41.89277044,12.48366722,304,37,341,951,1292,-30,3,5855,811,,,7958,299590,243805,
2020-06-15T17:00:00,ITA,07,Liguria,44.41149315,8.9326992,87,2,89,157,246,3,8,8116,1525,,,9887,127913,69345,
2020-06-15T17:00:00,ITA,03,Lombardia,45.46679409,9.190347404,2018,94,2112,13864,15976,-13,259,59484,16457,,,91917,899278,534981,
2020-06-15T17:00:00,ITA,11,Marche,43.61675973,13.5188753,18,0,18,599,617,-9,4,5152,993,,,6762,121620,73564,
2020-06-15T17:00:00,ITA,14,Molise,41.55774754,14.65916051,0,0,0,70,70,-4,0,346,23,,,439,19125,18214,
2020-06-15T17:00:00,ITA,21,P.A. Bolzano,46.49933453,11.35662422,8,1,9,85,94,-1,0,2225,292,,,2611,76345,36698,dc-IT-0050
2020-06-15T17:00:00,ITA,22,P.A. Trento,46.06893511,11.12123097,5,0,5,61,66,0,1,3917,465,,,4448,104306,55322,
2020-06-15T17:00:00,ITA,01,Piemonte,45.0732745,7.680687483,517,28,545,2059,2604,-44,2,24445,4012,,,31061,369294,234980,
2020-06-15T17:00:00,ITA,16,Puglia,41.12559576,16.86736689,56,2,58,352,410,-8,1,3572,534,,,4516,148627,97877,
2020-06-15T17:00:00,ITA,20,Sardegna,39.21531192,9.110616306,12,0,12,21,33,0,0,1198,132,,,1363,69134,58586,
2020-06-15T17:00:00,ITA,19,Sicilia,38.11569725,13.362356699999998,30,4,34,771,805,-32,1,2373,280,,,3458,180327,150982,
2020-06-15T17:00:00,ITA,09,Toscana,43.76923077,11.25588885,31,16,47,442,489,-10,8,8611,1088,,,10188,293683,207371,
2020-06-15T17:00:00,ITA,10,Umbria,43.10675841,12.38824698,9,1,10,8,18,-2,0,1341,77,,,1436,82235,58164,
2020-06-15T17:00:00,ITA,02,Valle d'Aosta,45.73750286,7.320149366,7,0,7,5,12,5,0,1035,144,,,1191,16650,12829,
2020-06-15T17:00:00,ITA,05,Veneto,45.43490485,12.33845213,38,1,39,716,755,-17,1,16487,1978,,,19220,817064,373057,
2020-06-16T17:00:00,ITA,13,Abruzzo,42.35122196,13.39843823,67,3,70,398,468,-18,1,2355,457,,,3280,92874,62709,
2020-06-16T17:00:00,ITA,17,Basilicata,40.63947052,15.80514834,0,1,1,9,10,-1,0,364,27,,,401,35666,34876,
2020-06-16T17:00:00,ITA,18,Calabria,38.90597598,16.59440194,18,0,18,18,36,-1,0,1029,97,,,1162,83281,81219,
2020-06-16T17:00:00,ITA,15,Campania,40.83956555,14.25084984,57,2,59,214,273,-16,0,3910,430,,,4613,242662,123167,
2020-06-16T17:00:00,ITA,08,Emilia-Romagna,44.49436681,11.341720800000001,180,11,191,1214,1405,-95,13,22483,4209,,,28097,417184,247911,
2020-06-16T17:00:00,ITA,06,Friuli Venezia Giulia,45.6494354,13.76813649,14,0,14,85,99,0,1,2855,343,,,3297,162440,95057,
2020-06-16T17:00:00,ITA,12,Lazio,41.89277044,12.48366722,308,38,346,783,1129,-163,9,6024,814,,,7967,302305,245960,
2020-06-16T17:00:00,ITA,07,Liguria,44.41149315,8.9326992,76,2,78,164,242,-4,4,8120,1529,,,9891,129249,69980,
2020-06-16T17:00:00,ITA,03,Lombardia,45.46679409,9.190347404,1902,69,1971,13262,15233,-743,143,60361,16466,,,92060,906322,539604,
2020-06-16T17:00:00,ITA,11,Marche,43.61675973,13.5188753,19,0,19,582,601,-16,1,5168,994,,,6763,122650,74194,
2020-06-16T17:00:00,ITA,14,Molise,41.55774754,14.65916051,1,0,1,64,65,-5,0,351,23,,,439,19368,18444,
2020-06-16T17:00:00,ITA,21,P.A. Bolzano,46.49933453,11.35662422,8,1,9,84,93,-1,0,2226,292,,,2611,76661,36931,
2020-06-16T17:00:00,ITA,22,P.A. Trento,46.06893511,11.12123097,2,0,2,62,64,-2,0,3919,465,,,4448,104696,55530,
2020-06-16T17:00:00,ITA,01,Piemonte,45.0732745,7.680687483,472,28,500,1950,2450,-154,29,24622,4018,,,31090,372948,236721,
2020-06-16T17:00:00,ITA,16,Puglia,41.12559576,16.86736689,48,2,50,303,353,-57,0,3628,535,,,4516,151482,99985,
2020-06-16T17:00:00,ITA,20,Sardegna,39.21531192,9.110616306,13,0,13,20,33,0,2,1200,132,,,1365,70202,59536,
2020-06-16T17:00:00,ITA,19,Sicilia,38.11569725,13.362356699999998,32,4,36,770,806,1,2,2374,280,,,3460,182514,152670,
2020-06-16T17:00:00,ITA,09,Toscana,43.76923077,11.25588885,34,14,48,415,463,-26,3,8637,1091,,,10191,296812,209629,
2020-06-16T17:00:00,ITA,10,Umbria,43.10675841,12.38824698,8,1,9,9,18,0,1,1342,77,,,1437,83435,58815,
2020-06-16T17:00:00,ITA,02,Valle d'Aosta,45.73750286,7.320149366,6,0,6,4,10,-2,0,1037,144,,,1191,16764,12907,
2020-06-16T17:00:00,ITA,05,Veneto,45.43490485,12.33845213,36,1,37,681,718,-37,1,16521,1982,,,19221,826192,376001,
2020-06-17T17:00:00,ITA,13,Abruzzo,42.35122196,13.39843823,61,2,63,375,438,-30,2,2386,457,,,3281,94391,63630,dc-IT-0052
2020-06-17T17:00:00,ITA,17,Basilicata,40.63947052,15.80514834,0,1,1,9,10,0,0,364,27,,,401,36011,35221,
2020-06-17T17:00:00,ITA,18,Calabria,38.90597598,16.59440194,18,0,18,15,33,-3,0,1032,97,,,1162,84265,82203,
2020-06-17T17:00:00,ITA,15,Campania,40.83956555,14.25084984,48,2,50,208,258,-15,1,3925,431,,,4614,258207,124041,
2020-06-17T17:00:00,ITA,08,Emilia-Romagna,44.49436681,11.341720800000001,173,11,184,1161,1345,-60,14,22551,4215,,,28111,426730,252139,
2020-06-17T17:00:00,ITA,06,Friuli Venezia Giulia,45.6494354,13.76813649,16,0,16,83,99,0,2,2857,343,,,3299,166064,96534,
2020-06-17T17:00:00,ITA,12,Lazio,41.89277044,12.48366722,284,38,322,717,1039,-90,10,6120,818,,,7977,305906,248746,
2020-06-17T17:00:00,ITA,07,Liguria,44.41149315,8.9326992,73,2,75,169,244,2,5,8120,1532,,,9896,130870,70737,
2020-06-17T17:00:00,ITA,03,Lombardia,45.46679409,9.190347404,1796,59,1855,13117,14972,-261,242,60850,16480,,,92302,917881,547133,
2020-06-17T17:00:00,ITA,11,Marche,43.61675973,13.5188753,21,0,21,564,585,-16,1,5185,994,,,6764,123770,74827,
2020-06-17T17:00:00,ITA,14,Molise,41.55774754,14.65916051,1,0,1,61,62,-3,1,355,23,,,440,19635,18684,
2020-06-17T17:00:00,ITA,21,P.A. Bolzano,46.49933453,11.35662422,8,1,9,78,87,-6,0,2232,292,,,2611,77230,37210,
2020-06-17T17:00:00,ITA,22,P.A. Trento,46.06893511,11.12123097,2,0,2,56,58,-6,1,3926,465,,,4449,105841,56032,
2020-06-17T17:00:00,ITA,01,Piemonte,45.0732745,7.680687483,448,25,473,1912,2385,-65,41,24720,4026,,,31131,377165,238650,
2020-06-17T17:00:00,ITA,16,Puglia,41.12559576,16.86736689,46,2,48,276,324,-29,0,3656,536,,,4516,154143,101350,
2020-06-17T17:00:00,ITA,20,Sardegna,39.21531192,9.110616306,11,0,11,20,31,-2,1,1203,132,,,1366,71452,60606,
2020-06-17T17:00:00,ITA,19,Sicilia,38.11569725,13.362356699999998,25,3,28,777,805,-1,2,2377,280,,,3462,184412,154287,
2020-06-17T17:00:00,ITA,09,Toscana,43.76923077,11.25588885,33,14,47,397,444,-19,2,8657,1092,,,10193,300612,212090,
2020-06-17T17:00:00,ITA,10,Umbria,43.10675841,12.38824698,7,2,9,9,18,0,0,1342,77,,,1437,84511,59407,
2020-06-17T17:00:00,ITA,02,Valle d'Aosta,45.73750286,7.320149366,5,0,5,3,8,-2,0,1039,144,,,1191,16918,12996,
2020-06-17T17:00:00,ITA,05,Veneto,45.43490485,12.33845213,37,1,38,642,680,-38,4,16558,1987,,,19225,837394,379280,
2020-06-18T17:00:00,ITA,13,Abruzzo,42.35122196,13.39843823,58,2,60,374,434,-4,2,2389,458,,,3281,95546,64327,dc-IT-0054
2020-06-18T17:00:00,ITA,17,Basilicata,40.63947052,15.80514834,0,1,1,9,10,0,0,364,27,,,401,36382,35592,
2020-06-18T17:00:00,ITA,18,Calabria,38.90597598,16.59440194,18,0,18,17,35,2,3,1033,97,,,1165,85222,83171,
2020-06-18T17:00:00,ITA,15,Campania,40.83956555,14.25084984,52,6,58,184,242,-16,1,3942,431,,,4615,259655,124683,
2020-06-18T17:00:00,ITA,08,Emilia-Romagna,44.49436681,11.341720800000001,159,11,170,1111,1281,-64,32,22643,4219,,,28143,435351,256490,
2020-06-18T17:00:00,ITA,06,Friuli Venezia Giulia,45.6494354,13.76813649,15,1,16,81,97,-2,2,2861,343,,,3301,167485,97662,
2020-06-18T17:00:00,ITA,12,Lazio,41.89277044,12.48366722,261,38,299,698,997,-42,9,6167,822,,,7986,309169,251673,
2020-06-18T17:00:00,ITA,07,Liguria,44.41149315,8.9326992,70,2,72,174,246,2,7,8121,1536,,,9903,132375,71497,
2020-06-18T17:00:00,ITA,03,Lombardia,45.46679409,9.190347404,1673,60,1733,12914,14647,-325,216,61355,16516,,,92518,929356,554148,
2020-06-18T17:00:00,ITA,11,Marche,43.61675973,13.5188753,19,0,19,558,577,-8,4,5197,994,,,6768,125339,75604,
2020-06-18T17:00:00,ITA,14,Molise,41.55774754,14.65916051,1,0,1,59,60,-2,0,357,23,,,440,19984,19006,
2020-06-18T17:00:00,ITA,21,P.A. Bolzano,46.49933453,11.35662422,8,2,10,75,85,-2,2,2236,292,,,2613,77954,37563,
2020-06-18T17:00:00,ITA,22,P.A. Trento,46.06893511,11.12123097,2,0,2,57,59,1,8,3933,465,,,4457,107366,56609,
2020-06-18T17:00:00,ITA,01,Piemonte,45.0732745,7.680687483,397,25,422,1868,2290,-95,31,24840,4032,,,31162,380395,241279,
2020-06-18T17:00:00,ITA,16,Puglia,41.12559576,16.86736689,34,1,35,271,306,-18,3,3675,538,,,4519,156582,103148,
2020-06-18T17:00:00,ITA,20,Sardegna,39.21531192,9.110616306,10,0,10,21,31,0,1,1204,132,,,1367,72722,61674,
2020-06-18T17:00:00,ITA,19,Sicilia,38.11569725,13.362356699999998,24,3,27,610,637,-168,2,2547,280,,,3464,186253,155903,
2020-06-18T17:00:00,ITA,09,Toscana,43.76923077,11.25588885,23,13,36,402,438,-6,2,8664,1093,,,10195,303786,213644,
2020-06-18T17:00:00,ITA,10,Umbria,43.10675841,12.38824698,5,2,7,9,16,-2,0,1344,77,,,1437,85586,59912,
2020-06-18T17:00:00,ITA,02,Valle d'Aosta,45.73750286,7.320149366,5,0,5,1,6,-2,0,1040,145,,,1191,17057,13097,
2020-06-18T17:00:00,ITA,05,Veneto,45.43490485,12.33845213,33,1,34,573,607,-73,8,16632,1994,,,19233,847997,382042,
2020-06-19T17:00:00,ITA,13,Abruzzo,42.35122196,13.39843823,53,1,54,353,407,-27,1,2414,459,,,3280,96581,64987,dc-IT-0056
2020-06-19T17:00:00,ITA,17,Basilicata,40.63947052,15.80514834,0,1,1,7,8,-2,0,366,27,,,401,36705,35915,
2020-06-19T17:00:00,ITA,18,Calabria,38.90597598,16.59440194,18,0,18,16,34,-1,0,1034,97,,,1165,86273,84222,
2020-06-19T17:00:00,ITA,15,Campania,40.83956555,14.25084984,47,3,50,75,125,-117,0,4059,431,,,4615,261642,125525,
2020-06-19T17:00:00,ITA,08,Emilia-Romagna,44.49436681,11.341720800000001,145,11,156,1063,1219,-62,27,22727,4224,,,28170,443301,261017,
2020-06-19T17:00:00,ITA,06,Friuli Venezia Giulia,45.6494354,13.76813649,16,0,16,69,85,-12,2,2875,343,,,3303,170109,98912,
2020-06-19T17:00:00,ITA,12,Lazio,41.89277044,12.48366722,247,38,285,703,988,-9,9,6181,826,,,7995,312708,254525,
2020-06-19T17:00:00,ITA,07,Liguria,44.41149315,8.9326992,66,3,69,180,249,3,7,8121,1540,,,9910,133898,72175,
2020-06-19T17:00:00,ITA,03,Lombardia,45.46679409,9.190347404,1537,60,1597,12448,14045,-602,157,62096,16534,,,92675,939820,560376,
2020-06-19T17:00:00,ITA,11,Marche,43.61675973,13.5188753,14,0,14,546,560,-17,0,5214,994,,,6768,126380,76228,
2020-06-19T17:00:00,ITA,14,Molise,41.55774754,14.65916051,2,0,2,51,53,-7,1,365,23,,,441,20203,19208,
2020-06-19T17:00:00,ITA,21,P.A. Bolzano,46.49933453,11.35662422,3,1,4,71,75,-10,2,2248,292,,,2615,78580,37858,
2020-06-19T17:00:00,ITA,22,P.A. Trento,46.06893511,11.12123097,2,0,2,54,56,-3,1,3936,466,,,4458,108564,57050,
2020-06-19T17:00:00,ITA,01,Piemonte,45.0732745,7.680687483,363,22,385,1793,2178,-112,26,24971,4039,,,31188,384705,243025,
2020-06-19T17:00:00,ITA,16,Puglia,41.12559576,16.86736689,31,1,32,223,255,-51,1,3727,538,,,4520,158828,104225,
2020-06-19T17:00:00,ITA,20,Sardegna,39.21531192,9.110616306,10,0,10,20,30,-1,1,1206,132,,,1368,73846,62546,
2020-06-19T17:00:00,ITA,19,Sicilia,38.11569725,13.362356699999998,21,5,26,124,150,-487,3,2640,280,,,3070,187869,156719,dc-EN-0058
2020-06-19T17:00:00,ITA,09,Toscana,43.76923077,11.25588885,18,12,30,393,423,-15,10,8687,1095,,,10205,306489,214853,
2020-06-19T17:00:00,ITA,10,Umbria,43.10675841,12.38824698,5,2,7,10,17,1,1,1344,77,,,1438,86693,60357,
2020-06-19T17:00:00,ITA,02,Valle d'Aosta,45.73750286,7.320149366,4,0,4,0,4,-2,0,1041,146,,,1191,17183,13182,
2020-06-19T17:00:00,ITA,05,Veneto,45.43490485,12.33845213,30,1,31,551,582,-25,2,16655,1998,,,19235,858726,384389,
2020-06-20T17:00:00,ITA,13,Abruzzo,42.35122196,13.39843823,49,3,52,352,404,-3,1,2418,459,,,3281,97625,65606,
2020-06-20T17:00:00,ITA,17,Basilicata,40.63947052,15.80514834,0,1,1,7,8,0,0,366,27,,,401,36975,36185,
2020-06-20T17:00:00,ITA,18,Calabria,38.90597598,16.59440194,18,0,18,12,30,-4,3,1040,97,,,1167,87292,85241,dc-IT-0062
2020-06-20T17:00:00,ITA,15,Campania,40.83956555,14.25084984,48,1,49,76,125,0,0,4059,431,,,4615,263560,126398,
2020-06-20T17:00:00,ITA,08,Emilia-Romagna,44.49436681,11.341720800000001,140,11,151,1056,1207,-12,28,22761,4230,,,28198,449616,266062,
2020-06-20T17:00:00,ITA,06,Friuli Venezia Giulia,45.6494354,13.76813649,16,1,17,66,83,-2,1,2877,344,,,3304,171947,99462,
2020-06-20T17:00:00,ITA,12,Lazio,41.89277044,12.48366722,247,39,286,701,987,-1,14,6195,827,,,8009,316109,257265,
2020-06-20T17:00:00,ITA,07,Liguria,44.41149315,8.9326992,61,3,64,186,250,1,10,8125,1545,,,9920,135379,73012,
2020-06-20T17:00:00,ITA,03,Lombardia,45.46679409,9.190347404,1401,54,1455,12456,13911,-134,165,62372,16557,,,92840,949134,565933,
2020-06-20T17:00:00,ITA,11,Marche,43.61675973,13.5188753,13,0,13,526,539,-21,0,5235,994,,,6768,127450,76777,
2020-06-20T17:00:00,ITA,14,Molise,41.55774754,14.65916051,2,0,2,51,53,0,0,365,23,,,441,20441,19445,
2020-06-20T17:00:00,ITA,21,P.A. Bolzano,46.49933453,11.35662422,3,1,4,72,76,1,0,2250,292,,,2618,79333,38276,dc-IT-0060
2020-06-20T17:00:00,ITA,22,P.A. Trento,46.06893511,11.12123097,1,0,1,50,51,-5,0,3941,466,,,4458,110268,57678,
2020-06-20T17:00:00,ITA,01,Piemonte,45.0732745,7.680687483,358,17,375,1713,2088,-90,27,25082,4045,,,31215,387713,244951,
2020-06-20T17:00:00,ITA,16,Puglia,41.12559576,16.86736689,32,1,33,187,220,-35,5,3765,540,,,4525,160662,105780,
2020-06-20T17:00:00,ITA,20,Sardegna,39.21531192,9.110616306,9,0,9,19,28,-2,1,1209,132,,,1369,75217,63646,
2020-06-20T17:00:00,ITA,19,Sicilia,38.11569725,13.362356699999998,21,5,26,114,140,-10,0,2650,280,,,3070,189938,157946,
2020-06-20T17:00:00,ITA,09,Toscana,43.76923077,11.25588885,19,12,31,383,414,-9,2,8698,1095,,,10207,309250,215914,
2020-06-20T17:00:00,ITA,10,Umbria,43.10675841,12.38824698,5,2,7,10,17,0,0,1343,78,,,1438,87789,60857,
2020-06-20T17:00:00,ITA,02,Valle d'Aosta,45.73750286,7.320149366,4,0,4,2,6,2,2,1041,146,,,1193,17297,13234,
2020-06-20T17:00:00,ITA,05,Veneto,45.43490485,12.33845213,27,1,28,547,575,-7,3,16661,2002,,,19238,870830,387501,
2020-06-21T17:00:00,ITA,13,Abruzzo,42.35122196,13.39843823,50,3,53,350,403,-1,0,2419,459,,,3281,98708,66342,
2020-06-21T17:00:00,ITA,17,Basilicata,40.63947052,15.80514834,1,0,1,7,8,0,0,366,27,,,401,37305,36515,
2020-06-21T17:00:00,ITA,18,Calabria,38.90597598,16.59440194,17,0,17,19,36,6,6,1040,97,,,1173,87935,85884,
2020-06-21T17:00:00,ITA,15,Campania,40.83956555,14.25084984,41,1,42,84,126,1,2,4060,431,,,4617,265122,127385,
2020-06-21T17:00:00,ITA,08,Emilia-Romagna,44.49436681,11.341720800000001,131,12,143,1029,1172,-35,23,22818,4231,,,28221,453854,270279,
2020-06-21T17:00:00,ITA,06,Friuli Venezia Giulia,45.6494354,13.76813649,16,0,16,62,78,-5,1,2883,344,,,3305,174652,101192,
2020-06-21T17:00:00,ITA,12,Lazio,41.89277044,12.48366722,247,39,286,705,991,4,8,6199,827,,,8017,318264,259128,
2020-06-21T17:00:00,ITA,07,Liguria,44.41149315,8.9326992,59,2,61,187,248,-2,7,8130,1549,,,9927,136647,73566,
2020-06-21T17:00:00,ITA,03,Lombardia,45.46679409,9.190347404,1260,53,1313,12530,13843,-68,128,62555,16570,,,92968,956959,570750,
2020-06-21T17:00:00,ITA,11,Marche,43.61675973,13.5188753,14,0,14,513,527,-12,0,5247,994,,,6768,128759,77465,
2020-06-21T17:00:00,ITA,14,Molise,41.55774754,14.65916051,2,0,2,38,40,-13,0,378,23,,,441,20656,19644,
2020-06-21T17:00:00,ITA,21,P.A. Bolzano,46.49933453,11.35662422,4,1,5,70,75,-1,4,2255,292,,,2622,79863,38519,
2020-06-21T17:00:00,ITA,22,P.A. Trento,46.06893511,11.12123097,0,0,0,53,53,2,5,3944,466,,,4463,111714,58345,
2020-06-21T17:00:00,ITA,01,Piemonte,45.0732745,7.680687483,356,19,375,1638,2013,-75,26,25177,4051,,,31241,390209,246075,
2020-06-21T17:00:00,ITA,16,Puglia,41.12559576,16.86736689,32,1,33,189,222,2,2,3765,540,,,4527,161902,106637,
2020-06-21T17:00:00,ITA,20,Sardegna,39.21531192,9.110616306,9,0,9,19,28,0,0,1209,132,,,1369,76086,64324,
2020-06-21T17:00:00,ITA,19,Sicilia,38.11569725,13.362356699999998,20,6,26,115,141,1,2,2651,280,,,3072,191042,158911,
2020-06-21T17:00:00,ITA,09,Toscana,43.76923077,11.25588885,19,9,28,337,365,-49,3,8750,1095,,,10210,311877,217330,
2020-06-21T17:00:00,ITA,10,Umbria,43.10675841,12.38824698,4,1,5,10,15,-2,0,1345,78,,,1438,88509,61227,
2020-06-21T17:00:00,ITA,02,Valle d'Aosta,45.73750286,7.320149366,4,0,4,1,5,-1,0,1042,146,,,1193,17392,13294,
2020-06-21T17:00:00,ITA,05,Veneto,45.43490485,12.33845213,28,1,29,554,583,8,7,16660,2002,,,19245,876915,388938,
2020-06-22T17:00:00,ITA,13,Abruzzo,42.35122196,13.39843823,49,3,52,342,394,-9,1,2428,460,,,3282,98872,66466,
2020-06-22T17:00:00,ITA,17,Basilicata,40.63947052,15.80514834,1,0,1,7,8,0,0,366,27,,,401,37370,36590,
2020-06-22T17:00:00,ITA,18,Calabria,38.90597598,16.59440194,15,0,15,18,33,-3,1,1044,97,,,1174,88372,86321,
2020-06-22T17:00:00,ITA,15,Campania,40.83956555,14.25084984,40,0,40,93,133,7,7,4060,431,,,4624,266472,127669,
2020-06-22T17:00:00,ITA,08,Emilia-Romagna,44.49436681,11.341720800000001,129,12,141,1013,1154,-18,22,22854,4235,,,28243,455992,271706,
2020-06-22T17:00:00,ITA,06,Friuli Venezia Giulia,45.6494354,13.76813649,15,0,15,57,72,-6,0,2889,344,,,3305,175706,101622,
2020-06-22T17:00:00,ITA,12,Lazio,41.89277044,12.48366722,201,23,224,721,945,-46,8,6250,830,,,8025,319581,260369,
2020-06-22T17:00:00,ITA,07,Liguria,44.41149315,8.9326992,58,1,59,191,250,2,8,8133,1552,,,9935,137579,73979,
2020-06-22T17:00:00,ITA,03,Lombardia,45.46679409,9.190347404,1047,51,1098,12540,13638,-205,143,62900,16573,,,93111,964735,575981,
2020-06-22T17:00:00,ITA,11,Marche,43.61675973,13.5188753,13,0,13,492,505,-22,3,5275,994,,,6774,129281,78060,dc-IT-0064
2020-06-22T17:00:00,ITA,14,Molise,41.55774754,14.65916051,3,0,3,40,43,3,3,378,23,,,444,20752,19740,
2020-06-22T17:00:00,ITA,21,P.A. Bolzano,46.49933453,11.35662422,4,1,5,84,89,14,11,2252,292,,,2633,80085,38636,
2020-06-22T17:00:00,ITA,22,P.A. Trento,46.06893511,11.12123097,0,0,0,53,53,0,1,3945,466,,,4464,112483,58794,
2020-06-22T17:00:00,ITA,01,Piemonte,45.0732745,7.680687483,346,19,365,1605,1970,-43,7,25223,4055,,,31248,391668,246563,
2020-06-22T17:00:00,ITA,16,Puglia,41.12559576,16.86736689,33,0,33,185,218,-4,0,3769,540,,,4527,162940,107702,
2020-06-22T17:00:00,ITA,20,Sardegna,39.21531192,9.110616306,9,0,9,19,28,0,0,1209,132,,,1369,76379,64582,
2020-06-22T17:00:00,ITA,19,Sicilia,38.11569725,13.362356699999998,20,6,26,115,141,0,0,2651,280,,,3072,192138,159796,
2020-06-22T17:00:00,ITA,09,Toscana,43.76923077,11.25588885,18,9,27,333,360,-5,1,8752,1099,,,10211,313455,218271,
2020-06-22T17:00:00,ITA,10,Umbria,43.10675841,12.38824698,4,1,5,8,13,-2,0,1347,78,,,1438,88714,61375,
2020-06-22T17:00:00,ITA,02,Valle d'Aosta,45.73750286,7.320149366,4,0,4,1,5,0,0,1042,146,,,1193,18239,13294,
2020-06-22T17:00:00,ITA,05,Veneto,45.43490485,12.33845213,29,1,30,555,585,2,2,16659,2003,,,19247,882529,390386,
2020-06-23T17:00:00,ITA,13,Abruzzo,42.35122196,13.39843823,46,3,49,342,391,-3,0,2431,460,,,3282,99976,67151,
2020-06-23T17:00:00,ITA,17,Basilicata,40.63947052,15.80514834,1,0,1,7,8,0,0,366,27,,,401,37613,36833,
2020-06-23T17:00:00,ITA,18,Calabria,38.90597598,16.59440194,9,0,9,19,28,-5,1,1050,97,,,1175,89226,87180,
2020-06-23T17:00:00,ITA,15,Campania,40.83956555,14.25084984,47,0,47,94,141,8,10,4062,431,,,4634,267306,128347,
2020-06-23T17:00:00,ITA,08,Emilia-Romagna,44.49436681,11.341720800000001,121,12,133,956,1089,-65,17,22935,4236,,,28260,460600,273800,
2020-06-23T17:00:00,ITA,06,Friuli Venezia Giulia,45.6494354,13.76813649,14,0,14,57,71,-1,0,2890,344,,,3305,176470,102267,
2020-06-23T17:00:00,ITA,12,Lazio,41.89277044,12.48366722,184,16,200,686,886,-59,8,6315,832,,,8033,322341,263506,
2020-06-23T17:00:00,ITA,07,Liguria,44.41149315,8.9326992,61,1,62,193,255,5,4,8131,1553,,,9939,138694,74514,
2020-06-23T17:00:00,ITA,03,Lombardia,45.46679409,9.190347404,910,51,961,11942,12903,-735,62,63691,16579,,,93173,971721,580317,
2020-06-23T17:00:00,ITA,11,Marche,43.61675973,13.5188753,11,0,11,482,493,-12,1,5288,994,,,6775,130121,78583,
2020-06-23T17:00:00,ITA,14,Molise,41.55774754,14.65916051,3,0,3,40,43,0,0,378,23,,,444,20902,19888,
2020-06-23T17:00:00,ITA,21,P.A. Bolzano,46.49933453,11.35662422,3,1,4,85,89,0,0,2252,292,,,2633,80538,38949,
2020-06-23T17:00:00,ITA,22,P.A. Trento,46.06893511,11.12123097,0,0,0,51,51,-2,1,3948,466,,,4465,113091,59170,
2020-06-23T17:00:00,ITA,01,Piemonte,45.0732745,7.680687483,330,18,348,1522,1870,-100,6,25325,4059,,,31254,394940,247598,
2020-06-23T17:00:00,ITA,16,Puglia,41.12559576,16.86736689,32,0,32,158,190,-28,2,3797,542,,,4529,165598,109358,
2020-06-23T17:00:00,ITA,20,Sardegna,39.21531192,9.110616306,7,0,7,8,15,-13,0,1213,132,,,1360,77129,65151,dc-IT-0066
2020-06-23T17:00:00,ITA,19,Sicilia,38.11569725,13.362356699999998,17,5,22,110,132,-9,1,2661,280,,,3073,194935,161423,
2020-06-23T17:00:00,ITA,09,Toscana,43.76923077,11.25588885,20,6,26,311,337,-23,6,8780,1100,,,10217,316933,219565,
2020-06-23T17:00:00,ITA,10,Umbria,43.10675841,12.38824698,4,1,5,7,12,-1,0,1348,78,,,1438,89831,61929,
2020-06-23T17:00:00,ITA,02,Valle d'Aosta,45.73750286,7.320149366,3,0,3,2,5,0,0,1042,146,,,1193,17589,13474,dc-IT-0068
2020-06-23T17:00:00,ITA,05,Veneto,45.43490485,12.33845213,30,1,31,533,564,-21,3,16682,2004,,,19250,888273,392124,
2020-06-24T17:00:00,ITA,13,Abruzzo,42.35122196,13.39843823,41,2,43,335,378,-13,1,2444,461,,,3283,100918,67617,
2020-06-24T17:00:00,ITA,17,Basilicata,40.63947052,15.80514834,1,0,1,6,7,-1,0,367,27,,,401,37887,37107,
2020-06-24T17:00:00,ITA,18,Calabria,38.90597598,16.59440194,9,0,9,19,28,0,0,1050,97,,,1175,90262,88228,
2020-06-24T17:00:00,ITA,15,Campania,40.83956555,14.25084984,35,0,35,113,148,7,11,4066,431,,,4645,269477,130025,
2020-06-24T17:00:00,ITA,08,Emilia-Romagna,44.49436681,11.341720800000001,117,12,129,945,1074,-15,44,22985,4245,,,28304,466612,277700,
2020-06-24T17:00:00,ITA,06,Friuli Venezia Giulia,45.6494354,13.76813649,13,0,13,44,57,-14,0,2904,344,,,3305,178733,103086,
2020-06-24T17:00:00,ITA,12,Lazio,41.89277044,12.48366722,181,13,194,675,869,-17,6,6337,833,,,8039,324492,265507,
2020-06-24T17:00:00,ITA,07,Liguria,44.41149315,8.9326992,59,1,60,201,261,6,1,8124,1555,,,9940,139910,75134,
2020-06-24T17:00:00,ITA,03,Lombardia,45.46679409,9.190347404,692,48,740,11487,12227,-676,88,64448,16586,,,93261,980820,586567,
2020-06-24T17:00:00,ITA,11,Marche,43.61675973,13.5188753,12,0,12,459,471,-22,4,5314,994,,,6779,131622,79407,
2020-06-24T17:00:00,ITA,14,Molise,41.55774754,14.65916051,2,0,2,41,43,0,0,378,23,,,444,21265,20247,
2020-06-24T17:00:00,ITA,21,P.A. Bolzano,46.49933453,11.35662422,3,1,4,86,90,1,1,2252,292,,,2634,81017,39241,
2020-06-24T17:00:00,ITA,22,P.A. Trento,46.06893511,11.12123097,0,0,0,52,52,1,0,4395,405,,,4852,114496,59700,dc-IT-0070
2020-06-24T17:00:00,ITA,01,Piemonte,45.0732745,7.680687483,334,18,352,1378,1730,-140,22,25480,4066,,,31276,398623,249804,
2020-06-24T17:00:00,ITA,16,Puglia,41.12559576,16.86736689,29,0,29,148,177,-13,0,3809,543,,,4529,168388,111420,
2020-06-24T17:00:00,ITA,20,Sardegna,39.21531192,9.110616306,7,0,7,8,15,0,1,1214,132,,,1361,78449,66202,
2020-06-24T17:00:00,ITA,19,Sicilia,38.11569725,13.362356699999998,17,5,22,110,132,0,1,2662,280,,,3074,197279,162675,
2020-06-24T17:00:00,ITA,09,Toscana,43.76923077,11.25588885,26,5,31,299,330,-7,5,8791,1101,,,10222,320799,221190,
2020-06-24T17:00:00,ITA,10,Umbria,43.10675841,12.38824698,3,1,4,7,11,-1,1,1349,79,,,1439,90838,62477,
2020-06-24T17:00:00,ITA,02,Valle d'Aosta,45.73750286,7.320149366,3,0,3,3,6,1,1,1042,146,,,1194,17700,13497,
2020-06-24T17:00:00,ITA,05,Veneto,45.43490485,12.33845213,26,1,27,522,549,-15,3,16700,2004,,,19253,897506,394533,
2020-06-25T17:00:00,ITA,13,Abruzzo,42.35122196,13.39843823,32,2,34,337,371,-7,1,2452,461,3113,171,3284,101814,68098,
2020-06-25T17:00:00,ITA,17,Basilicata,40.63947052,15.80514834,1,0,1,6,7,0,0,367,27,401,0,401,38261,37481,
2020-06-25T17:00:00,ITA,18,Calabria,38.90597598,16.59440194,10,0,10,18,28,0,0,1050,97,1175,0,1175,91283,89249,
2020-06-25T17:00:00,ITA,15,Campania,40.83956555,14.25084984,47,0,47,117,164,16,17,4067,431,4661,1,4662,271460,131319,
2020-06-25T17:00:00,ITA,08,Emilia-Romagna,44.49436681,11.3417208,114,11,125,943,1068,-6,47,23034,4249,27949,402,28351,474450,282325,
2020-06-25T17:00:00,ITA,06,Friuli Venezia Giulia,45.6494354,13.76813649,12,0,12,41,53,-4,0,2907,345,3305,0,3305,180978,103759,
2020-06-25T17:00:00,ITA,12,Lazio,41.89277044,12.48366722,181,12,193,669,862,-7,12,6354,835,5969,2082,8051,326651,267089,
2020-06-25T17:00:00,ITA,07,Liguria,44.41149315,8.9326992,56,1,57,202,259,-2,14,8139,1556,9033,921,9954,141472,75828,
2020-06-25T17:00:00,ITA,03,Lombardia,45.46679409,9.190347404,622,48,670,11322,11992,-235,170,64831,16608,88676,4755,93431,990652,592797,
2020-06-25T17:00:00,ITA,11,Marche,43.61675973,13.5188753,10,0,10,450,460,-11,2,5330,991,6778,3,6781,133007,80229,"n.3 decessi precedentemente segnalati, da una revisione non risultano classificabili come COVID-19 positivi"
2020-06-25T17:00:00,ITA,14,Molise,41.55774754,14.65916051,2,0,2,34,36,-7,0,385,23,444,0,444,21492,20460,
2020-06-25T17:00:00,ITA,21,P.A. Bolzano,46.49933453,11.35662422,3,1,4,83,87,-3,0,2255,292,2634,0,2634,81847,39601,
2020-06-25T17:00:00,ITA,22,P.A. Trento,46.06893511,11.12123097,1,0,1,51,52,0,3,4398,405,3374,1481,4855,115938,60448,
2020-06-25T17:00:00,ITA,01,Piemonte,45.0732745,7.680687483,316,15,331,1350,1681,-49,20,25544,4071,27972,3324,31296,402181,252094,
2020-06-25T17:00:00,ITA,16,Puglia,41.12559576,16.86736689,27,0,27,146,173,-4,1,3814,543,2443,2087,4530,170284,112532,
2020-06-25T17:00:00,ITA,20,Sardegna,39.21531192,9.110616306,6,0,6,8,14,-1,1,1216,132,1360,2,1362,79422,67025,
2020-06-25T17:00:00,ITA,19,Sicilia,38.11569725,13.3623567,17,5,22,108,130,-2,2,2666,280,2748,328,3076,199545,163991,
2020-06-25T17:00:00,ITA,09,Toscana,43.76923077,11.25588885,24,6,30,294,324,-6,2,8799,1101,10107,117,10224,323864,222294,
2020-06-25T17:00:00,ITA,10,Umbria,43.10675841,12.38824698,3,1,4,6,10,-1,0,1350,79,1428,11,1439,91832,63068,
2020-06-25T17:00:00,ITA,02,Valle d'Aosta,45.73750286,7.320149366,2,0,2,3,5,-1,0,1043,146,1084,110,1194,17848,13560,
2020-06-25T17:00:00,ITA,05,Veneto,45.43490485,12.33845213,29,1,30,497,527,-22,4,16724,2006,19251,6,19257,908873,397538,
2020-06-26T17:00:00,ITA,13,Abruzzo,42.35122196,13.39843823,30,2,32,326,358,-13,1,2466,461,3112,173,3285,102606,68584,
2020-06-26T17:00:00,ITA,17,Basilicata,40.63947052,15.80514834,1,0,1,6,7,0,0,367,27,401,0,401,38690,37910,NEI CASI POSITIVI COMPRESI N. 2 PAZIENTI IN ISOLAMENTO DOMICILIARE PROVENIENTI DA ALTRA REGIONE
2020-06-26T17:00:00,ITA,18,Calabria,38.90597598,16.59440194,9,0,9,21,30,2,3,1051,97,1175,3,1178,92448,90414,
2020-06-26T17:00:00,ITA,15,Campania,40.83956555,14.25084984,41,1,42,122,164,0,3,4070,431,4664,1,4665,272874,131984,
2020-06-26T17:00:00,ITA,08,Emilia-Romagna,44.49436681,11.3417208,109,12,121,923,1044,-24,46,23097,4252,27944,449,28393,478941,285701,"In seguito a verifica sono stati eliminati 4 casi da Ferrara in quanto inserimento duplicato dello stesso paziente con dati anagrafici non corretti. Il numero totale di ieri (25/06) pertanto  di 28347 e non 28351."
2020-06-26T17:00:00,ITA,06,Friuli Venezia Giulia,45.6494354,13.76813649,13,0,13,35,48,-5,2,2914,345,3306,1,3307,183824,104501,
2020-06-26T17:00:00,ITA,12,Lazio,41.89277044,12.48366722,185,13,198,618,816,-46,13,6412,836,5971,2093,8064,329074,269189,
2020-06-26T17:00:00,ITA,07,Liguria,44.41149315,8.9326992,54,3,57,207,264,5,4,8138,1556,9014,944,9958,142669,76437,
2020-06-26T17:00:00,ITA,03,Lombardia,45.46679409,9.190347404,501,47,548,11092,11640,-352,156,65323,16624,88720,4867,93587,1004753,600985,
2020-06-26T17:00:00,ITA,11,Marche,43.61675973,13.5188753,10,0,10,397,407,-53,2,5385,991,6781,2,6783,133947,80847,
2020-06-26T17:00:00,ITA,14,Molise,41.55774754,14.65916051,1,0,1,28,29,-7,1,393,23,444,1,445,22008,20958,
2020-06-26T17:00:00,ITA,21,P.A. Bolzano,46.49933453,11.35662422,3,1,4,81,85,-2,0,2257,292,2634,0,2634,82441,39893,
2020-06-26T17:00:00,ITA,22,P.A. Trento,46.06893511,11.12123097,1,0,1,51,52,0,4,4402,405,3375,1484,4859,117401,60783,
2020-06-26T17:00:00,ITA,01,Piemonte,45.0732745,7.680687483,307,14,321,1264,1585,-96,15,25649,4077,27693,3618,31311,406121,253971,
2020-06-26T17:00:00,ITA,16,Puglia,41.12559576,16.86736689,27,0,27,126,153,-20,1,3835,543,2308,2223,4531,171968,113789,Per 1657 casi non  disponibile la provenienza
2020-06-26T17:00:00,ITA,20,Sardegna,39.21531192,9.110616306,5,0,5,7,12,-2,0,1218,132,1360,2,1362,80546,67848,
2020-06-26T17:00:00,ITA,19,Sicilia,38.11569725,13.3623567,18,4,22,107,129,-1,0,2666,281,2748,328,3076,201836,165403,
2020-06-26T17:00:00,ITA,09,Toscana,43.76923077,11.25588885,21,6,27,287,314,-10,2,8809,1103,10027,199,10226,326645,223804,
2020-06-26T17:00:00,ITA,10,Umbria,43.10675841,12.38824698,2,1,3,7,10,0,1,1351,79,1428,12,1440,92704,63545,
2020-06-26T17:00:00,ITA,02,Valle d'Aosta,45.73750286,7.320149366,2,0,2,2,4,-1,0,1044,146,1083,111,1194,17941,13610,
2020-06-26T17:00:00,ITA,05,Veneto,45.43490485,12.33845213,16,1,17,470,487,-40,5,16768,2007,19252,10,19262,916485,398960,
2020-06-27T17:00:00,ITA,13,Abruzzo,42.35122196,13.39843823,31,2,33,304,337,-21,0,2487,461,3111,174,3285,103771,69214,
2020-06-27T17:00:00,ITA,17,Basilicata,40.63947052,15.80514834,1,0,1,6,7,0,0,367,27,401,0,401,39001,38221,NEI DEI CASI POSITIVI SONO COMPRESI N. 2 PAZIENTI IN ISOLAMENTO DOMICILIARE PROVENIENTI DA ALTRA REGIONE
2020-06-27T17:00:00,ITA,18,Calabria,38.90597598,16.59440194,9,0,9,22,31,1,1,1051,97,1175,4,1179,93372,91388,
2020-06-27T17:00:00,ITA,15,Campania,40.83956555,14.25084984,45,0,45,118,163,-1,0,4071,431,4664,1,4665,276025,133632,
2020-06-27T17:00:00,ITA,08,Emilia-Romagna,44.49436681,11.3417208,106,11,117,924,1041,-3,42,23142,4252,27951,484,28435,483309,288719,
2020-06-27T17:00:00,ITA,06,Friuli Venezia Giulia,45.6494354,13.76813649,12,0,12,30,42,-6,0,2920,345,3306,1,3307,185651,105108,
2020-06-27T17:00:00,ITA,12,Lazio,41.89277044,12.48366722,185,13,198,629,827,11,18,6418,837,5977,2105,8082,331599,271209,
2020-06-27T17:00:00,ITA,07,Liguria,44.41149315,8.9326992,49,3,52,216,268,4,5,8138,1557,9013,950,9963,144156,77180,
2020-06-27T17:00:00,ITA,03,Lombardia,45.46679409,9.190347404,415,43,458,10534,10992,-648,77,66046,16626,88764,4900,93664,1014321,606607,
2020-06-27T17:00:00,ITA,11,Marche,43.61675973,13.5188753,9,0,9,348,357,-50,2,5437,991,6785,0,6785,135122,81511,
2020-06-27T17:00:00,ITA,14,Molise,41.55774754,14.65916051,0,0,0,26,26,-3,0,396,23,444,1,445,22233,21165,
2020-06-27T17:00:00,ITA,21,P.A. Bolzano,46.49933453,11.35662422,4,1,5,82,87,2,2,2257,292,2636,0,2636,83040,40235,
2020-06-27T17:00:00,ITA,22,P.A. Trento,46.06893511,11.12123097,2,0,2,49,51,-1,1,4404,405,3375,1485,4860,119039,61511,
2020-06-27T17:00:00,ITA,01,Piemonte,45.0732745,7.680687483,303,12,315,1188,1503,-82,11,25739,4080,27491,3831,31322,408836,255473,
2020-06-27T17:00:00,ITA,16,Puglia,41.12559576,16.86736689,27,0,27,120,147,-6,0,3841,543,2258,2273,4531,173422,115265,Per 1602 casi non  disponibile la provenienza
2020-06-27T17:00:00,ITA,20,Sardegna,39.21531192,9.110616306,6,0,6,7,13,1,1,1218,132,1360,3,1363,81351,68359,
2020-06-27T17:00:00,ITA,19,Sicilia,38.11569725,13.3623567,20,4,24,106,130,1,1,2666,281,2748,329,3077,204184,167299,
2020-06-27T17:00:00,ITA,09,Toscana,43.76923077,11.25588885,14,6,20,298,318,4,12,8817,1103,10039,199,10238,329865,225524,
2020-06-27T17:00:00,ITA,10,Umbria,43.10675841,12.38824698,2,1,3,7,10,0,0,1350,80,1428,12,1440,93571,64026,
2020-06-27T17:00:00,ITA,02,Valle d'Aosta,45.73750286,7.320149366,2,0,2,2,4,0,0,1044,146,1083,111,1194,17988,13635,
2020-06-27T17:00:00,ITA,05,Veneto,45.43490485,12.33845213,18,1,19,463,482,-5,2,16775,2007,19253,11,19264,937417,403556,
2020-06-28T17:00:00,ITA,13,Abruzzo,42.35122196,13.39843823,28,2,30,254,284,-53,1,2540,462,3102,184,3286,104558,69720,
2020-06-28T17:00:00,ITA,17,Basilicata,40.63947052,15.80514834,1,0,1,1,2,-5,0,372,27,401,0,401,39138,38358,
2020-06-28T17:00:00,ITA,18,Calabria,38.90597598,16.59440194,4,0,4,22,26,-5,1,1057,97,1175,5,1180,93852,91818,
2020-06-28T17:00:00,ITA,15,Campania,40.83956555,14.25084984,39,0,39,124,163,0,0,4071,431,4664,1,4665,277560,134651,
2020-06-28T17:00:00,ITA,08,Emilia-Romagna,44.49436681,11.3417208,108,12,120,922,1042,1,21,23161,4253,27956,500,28456,486730,291041,
2020-06-28T17:00:00,ITA,06,Friuli Venezia Giulia,45.6494354,13.76813649,12,0,12,26,38,-4,1,2925,345,3307,1,3308,186781,105492,
2020-06-28T17:00:00,ITA,12,Lazio,41.89277044,12.48366722,187,13,200,641,841,14,14,6418,837,5983,2113,8096,333852,272915,
2020-06-28T17:00:00,ITA,07,Liguria,44.41149315,8.9326992,48,3,51,221,272,4,4,8137,1558,9016,951,9967,145111,77675,
2020-06-28T17:00:00,ITA,03,Lombardia,45.46679409,9.190347404,323,43,366,10581,10947,-45,97,66175,16639,88812,4949,93761,1022440,611487,
2020-06-28T17:00:00,ITA,11,Marche,43.61675973,13.5188753,9,0,9,311,320,-37,0,5474,991,6785,0,6785,136117,82147,
2020-06-28T17:00:00,ITA,14,Molise,41.55774754,14.65916051,0,0,0,26,26,0,0,396,23,444,1,445,22399,21325,
2020-06-28T17:00:00,ITA,21,P.A. Bolzano,46.49933453,11.35662422,3,1,4,81,85,-2,1,2260,292,2637,0,2637,83445,40487,
2020-06-28T17:00:00,ITA,22,P.A. Trento,46.06893511,11.12123097,2,0,2,52,54,3,3,4404,405,3378,1485,4863,120065,62021,
2020-06-28T17:00:00,ITA,01,Piemonte,45.0732745,7.680687483,305,12,317,1178,1495,-8,14,25756,4085,27436,3900,31336,410813,257049,
2020-06-28T17:00:00,ITA,16,Puglia,41.12559576,16.86736689,27,0,27,119,146,-1,0,3842,543,2258,2273,4531,174968,116126,Per 1602 casi non  disponibile la provenienza
2020-06-28T17:00:00,ITA,20,Sardegna,39.21531192,9.110616306,6,0,6,8,14,1,1,1218,132,1360,4,1364,82182,69088,
2020-06-28T17:00:00,ITA,19,Sicilia,38.11569725,13.3623567,21,4,25,105,130,0,0,2666,281,2748,329,3077,205492,168323,
2020-06-28T17:00:00,ITA,09,Toscana,43.76923077,11.25588885,16,6,22,301,323,5,5,8817,1103,10044,199,10243,332758,227034,
2020-06-28T17:00:00,ITA,10,Umbria,43.10675841,12.38824698,2,1,3,6,9,-1,0,1351,80,1428,12,1440,94286,64456,
2020-06-28T17:00:00,ITA,02,Valle d'Aosta,45.73750286,7.320149366,3,0,3,1,4,0,0,1044,146,1083,111,1194,18062,13681,
2020-06-28T17:00:00,ITA,05,Veneto,45.43490485,12.33845213,16,1,17,443,460,-22,11,16807,2008,19255,20,19275,944010,405126,
2020-06-29T17:00:00,ITA,13,Abruzzo,42.35122196,13.39843823,28,2,30,252,282,-2,1,2543,462,3102,185,3287,104822,69874,
2020-06-29T17:00:00,ITA,17,Basilicata,40.63947052,15.80514834,1,0,1,2,3,1,1,372,27,401,1,402,39294,38514,NEL TOTALE DEI CASI POSITIVI SONO COMPRESI N. 2 PAZIENTI IN ISOLAMENTO DOMICILIARE PROVENIENTI DA ALTRA REGIONE
2020-06-29T17:00:00,ITA,18,Calabria,38.90597598,16.59440194,4,0,4,22,26,0,0,1057,97,1158,22,1180,94170,92136,
2020-06-29T17:00:00,ITA,15,Campania,40.83956555,14.25084984,20,0,20,142,162,-1,1,4073,431,4664,2,4666,279246,135740,
2020-06-29T17:00:00,ITA,08,Emilia-Romagna,44.49436681,11.3417208,111,12,123,909,1032,-10,16,23185,4255,27961,511,28472,489451,292851,
2020-06-29T17:00:00,ITA,06,Friuli Venezia Giulia,45.6494354,13.76813649,12,0,12,24,36,-2,0,2927,345,3307,1,3308,187500,105815,
2020-06-29T17:00:00,ITA,12,Lazio,41.89277044,12.48366722,190,13,203,637,840,-1,9,6428,837,5987,2118,8105,335751,274704,
2020-06-29T17:00:00,ITA,07,Liguria,44.41149315,8.9326992,47,3,50,227,277,5,7,8139,1558,9019,955,9974,145902,78097,
2020-06-29T17:00:00,ITA,03,Lombardia,45.46679409,9.190347404,321,43,364,10459,10823,-124,78,66376,16640,88821,5018,93839,1030431,615813,
2020-06-29T17:00:00,ITA,11,Marche,43.61675973,13.5188753,9,0,9,265,274,-46,0,5520,991,6785,0,6785,136385,82326,
2020-06-29T17:00:00,ITA,14,Molise,41.55774754,14.65916051,0,0,0,26,26,0,0,396,23,444,1,445,22474,21400,
2020-06-29T17:00:00,ITA,21,P.A. Bolzano,46.49933453,11.35662422,2,1,3,82,85,0,2,2262,292,2639,0,2639,83729,40655,
2020-06-29T17:00:00,ITA,22,P.A. Trento,46.06893511,11.12123097,1,0,1,52,53,-1,0,4405,405,3378,1485,4863,120168,62092,
2020-06-29T17:00:00,ITA,01,Piemonte,45.0732745,7.680687483,283,11,294,1196,1490,-5,2,25761,4087,27422,3916,31338,411939,257579,
2020-06-29T17:00:00,ITA,16,Puglia,41.12559576,16.86736689,28,0,28,117,145,-1,0,3843,543,2241,2290,4531,175811,117104,Per 1583 casi non  disponibile la provenienza
2020-06-29T17:00:00,ITA,20,Sardegna,39.21531192,9.110616306,6,0,6,8,14,0,0,1218,132,1360,4,1364,82478,69332,
2020-06-29T17:00:00,ITA,19,Sicilia,38.11569725,13.3623567,21,3,24,103,127,-3,1,2670,281,2748,330,3078,206550,169019,
2020-06-29T17:00:00,ITA,09,Toscana,43.76923077,11.25588885,14,6,20,307,327,4,5,8817,1104,10049,199,10248,334198,228057,
2020-06-29T17:00:00,ITA,10,Umbria,43.10675841,12.38824698,2,1,3,6,9,0,0,1351,80,1428,12,1440,94519,64620,
2020-06-29T17:00:00,ITA,02,Valle d'Aosta,45.73750286,7.320149366,3,0,3,0,3,-1,0,1045,146,1083,111,1194,18148,13734,
2020-06-29T17:00:00,ITA,05,Veneto,45.43490485,12.33845213,17,1,18,444,462,2,3,16808,2008,19257,21,19278,948871,406042,
2020-06-30T17:00:00,ITA,13,Abruzzo,42.35122196,13.39843823,33,0,33,164,197,-85,0,2626,464,3100,187,3287,105653,70443,
2020-06-30T17:00:00,ITA,17,Basilicata,40.63947052,15.80514834,1,0,1,2,3,0,0,372,27,401,1,402,39631,38851,NEL TOTALE DEI CASI POSITIVI SONO COMPRESI N. 2 PAZIENTI IN ISOLAMENTO DOMICILIARE PROVENIENTI DA ALTRA REGIONE
2020-06-30T17:00:00,ITA,18,Calabria,38.90597598,16.59440194,4,0,4,23,27,1,1,1057,97,1159,22,1181,95094,93060,
2020-06-30T17:00:00,ITA,15,Campania,40.83956555,14.25084984,29,0,29,152,181,19,24,4077,432,4677,13,4690,282523,138482,
2020-06-30T17:00:00,ITA,08,Emilia-Romagna,44.49436681,11.3417208,108,12,120,890,1010,-22,20,23222,4260,27965,527,28492,495544,296112,
2020-06-30T17:00:00,ITA,06,Friuli Venezia Giulia,45.6494354,13.76813649,9,0,9,36,45,9,0,2918,345,3307,1,3308,189955,106632,Il numero dei guariti  inferiore al precedente invio in quanto tre soggetti che risultavano guariti per negativit da tampone (2 consecutivi) si sono ri-positivizzati ma non contribuiscono nei nuovi casi in quanto gi conteggiati
2020-06-30T17:00:00,ITA,12,Lazio,41.89277044,12.48366722,189,13,202,634,836,-4,5,6437,837,5990,2120,8110,338035,276640,
2020-06-30T17:00:00,ITA,07,Liguria,44.41149315,8.9326992,46,3,49,231,280,3,3,8139,1558,9012,965,9977,147156,78710,
2020-06-30T17:00:00,ITA,03,Lombardia,45.46679409,9.190347404,297,42,339,9721,10060,-763,62,67197,16644,88687,5214,93901,1036548,619851,
2020-06-30T17:00:00,ITA,11,Marche,43.61675973,13.5188753,8,0,8,258,266,-8,0,5528,991,6785,0,6785,137340,82950,
2020-06-30T17:00:00,ITA,14,Molise,41.55774754,14.65916051,0,0,0,25,25,-1,0,397,23,444,1,445,22660,21585,
2020-06-30T17:00:00,ITA,21,P.A. Bolzano,46.49933453,11.35662422,3,1,4,80,84,-1,0,2263,292,2639,0,2639,84172,40961,
2020-06-30T17:00:00,ITA,22,P.A. Trento,46.06893511,11.12123097,1,0,1,49,50,-3,0,4408,405,3378,1485,4863,121315,62918,
2020-06-30T17:00:00,ITA,01,Piemonte,45.0732745,7.680687483,267,12,279,1144,1423,-67,11,25836,4090,27273,4076,31349,415257,259420,
2020-06-30T17:00:00,ITA,16,Puglia,41.12559576,16.86736689,25,0,25,104,129,-16,0,3857,545,2173,2358,4531,178251,118741,Per 1507 casi non  disponibile la provenienza
2020-06-30T17:00:00,ITA,20,Sardegna,39.21531192,9.110616306,6,0,6,8,14,0,2,1219,133,1360,6,1366,83439,70030,
2020-06-30T17:00:00,ITA,19,Sicilia,38.11569725,13.3623567,19,3,22,106,128,1,2,2670,282,2749,331,3080,209071,171130,
2020-06-30T17:00:00,ITA,09,Toscana,43.76923077,11.25588885,17,6,23,306,329,2,2,8817,1104,10032,218,10250,337110,229809,
2020-06-30T17:00:00,ITA,10,Umbria,43.10675841,12.38824698,3,1,4,6,10,1,1,1351,80,1428,13,1441,95627,65217,
2020-06-30T17:00:00,ITA,02,Valle d'Aosta,45.73750286,7.320149366,4,0,4,0,4,1,1,1045,146,1083,112,1195,18263,13805,
2020-06-30T17:00:00,ITA,05,Veneto,45.43490485,12.33845213,21,0,21,441,462,0,8,16812,2012,19259,27,19286,957466,408628,
2020-07-01T17:00:00,ITA,13,Abruzzo,42.35122196,13.39843823,32,0,32,138,170,-27,2,2655,464,3099,190,3289,106350,70898,
2020-07-01T17:00:00,ITA,17,Basilicata,40.63947052,15.80514834,0,0,0,2,2,-1,0,373,27,401,1,402,39787,39007,NEL TOTALE DEI CASI POSITIVI SONO COMPRESI N. 2 PAZIENTI IN ISOLAMENTO DOMICILIARE PROVENIENTI DA ALTRA REGIONE
2020-07-01T17:00:00,ITA,18,Calabria,38.90597598,16.59440194,4,0,4,22,26,-1,0,1058,97,1159,22,1181,95926,93892,
2020-07-01T17:00:00,ITA,15,Campania,40.83956555,14.25084984,16,0,16,173,189,8,9,4078,432,4678,21,4699,285388,139678,
2020-07-01T17:00:00,ITA,08,Emilia-Romagna,44.49436681,11.341720800000001,104,10,114,888,1002,-8,16,23242,4264,27970,538,28508,499426,298840,
2020-07-01T17:00:00,ITA,06,Friuli Venezia Giulia,45.6494354,13.76813649,6,0,6,50,56,11,4,2911,345,3311,1,3312,192106,107364,
2020-07-01T17:00:00,ITA,12,Lazio,41.89277044,12.48366722,190,12,202,630,832,-4,9,6448,839,5996,2123,8119,341083,279387,
2020-07-01T17:00:00,ITA,07,Liguria,44.41149315,8.9326992,42,3,45,235,280,0,5,8144,1558,8747,1235,9982,148585,79497,
2020-07-01T17:00:00,ITA,03,Lombardia,45.46679409,9.190347404,277,41,318,9620,9938,-122,109,67422,16650,88747,5263,94010,1044975,625197,
2020-07-01T17:00:00,ITA,11,Marche,43.61675973,13.5188753,8,0,8,240,248,-18,5,5551,987,6786,0,6786,138550,83726,n.4 decessi  precedentemente segnalati non risultano classificabili come COVID-19  positivi
2020-07-01T17:00:00,ITA,14,Molise,41.55774754,14.65916051,0,0,0,25,25,0,0,397,23,444,1,445,22886,21809,
2020-07-01T17:00:00,ITA,21,P.A. Bolzano,46.49933453,11.35662422,3,1,4,80,84,0,3,2266,292,2642,0,2642,84846,41389,
2020-07-01T17:00:00,ITA,22,P.A. Trento,46.06893511,11.12123097,1,0,1,46,47,-3,1,4412,405,3378,1486,4864,122574,63299,
2020-07-01T17:00:00,ITA,01,Piemonte,45.0732745,7.680687483,260,11,271,1082,1353,-70,16,25921,4091,27132,4233,31365,419291,261774,
2020-07-01T17:00:00,ITA,16,Puglia,41.12559576,16.86736689,24,0,24,88,112,-17,0,3873,545,2159,2371,4530,180664,120651,Per 1491 casi non  disponibile la provenienza
2020-07-01T17:00:00,ITA,20,Sardegna,39.21531192,9.110616306,5,0,5,6,11,-3,0,1222,133,1360,6,1366,84569,71039,
2020-07-01T17:00:00,ITA,19,Sicilia,38.11569725,13.362356699999998,18,3,21,105,126,-2,1,2673,282,2749,332,3081,211496,172947,
2020-07-01T17:00:00,ITA,09,Toscana,43.76923077,11.25588885,13,5,18,305,323,-6,4,8825,1106,10036,218,10254,341165,231407,
2020-07-01T17:00:00,ITA,10,Umbria,43.10675841,12.38824698,3,1,4,6,10,0,0,1351,80,1428,13,1441,96602,65770,
2020-07-01T17:00:00,ITA,02,Valle d'Aosta,45.73750286,7.320149366,2,0,2,1,3,-1,0,1046,146,1083,112,1195,18414,13892,
2020-07-01T17:00:00,ITA,05,Veneto,45.43490485,12.33845213,17,0,17,401,418,-44,3,16849,2022,19259,30,19289,970793,411837,
2020-07-02T17:00:00,ITA,13,Abruzzo,42.35122196,13.39843823,28,0,28,132,160,-10,3,2668,464,3102,190,3292,107535,71520,
2020-07-02T17:00:00,ITA,17,Basilicata,40.63947052,15.80514834,0,0,0,2,2,0,0,373,27,401,1,402,40041,39261,NEL TOTALE DEI CASI POSITIVI SONO COMPRESI N. 2 PAZIENTI IN ISOLAMENTO DOMICILIARE PROVENIENTI DA ALTRA REGIONE
2020-07-02T17:00:00,ITA,18,Calabria,38.90597598,16.59440194,4,0,4,21,25,-1,0,1059,97,1159,22,1181,96914,94880,
2020-07-02T17:00:00,ITA,15,Campania,40.83956555,14.25084984,15,0,15,175,190,1,3,4080,432,4680,22,4702,286812,140525,
2020-07-02T17:00:00,ITA,08,Emilia-Romagna,44.49436681,11.341720800000001,96,9,105,898,1003,1,27,23267,4265,27981,554,28535,504288,301588,
2020-07-02T17:00:00,ITA,06,Friuli Venezia Giulia,45.6494354,13.76813649,6,0,6,56,62,6,2,2907,345,3311,3,3314,194395,107907,
2020-07-02T17:00:00,ITA,12,Lazio,41.89277044,12.48366722,188,11,199,632,831,-1,11,6460,839,6000,2130,8130,343882,281743,
2020-07-02T17:00:00,ITA,07,Liguria,44.41149315,8.9326992,41,3,44,237,281,1,2,8145,1558,8737,1247,9984,149910,80201,
2020-07-02T17:00:00,ITA,03,Lombardia,45.46679409,9.190347404,241,41,282,9545,9827,-111,98,67610,16671,88793,5315,94108,1054415,630993,
2020-07-02T17:00:00,ITA,11,Marche,43.61675973,13.5188753,8,0,8,230,238,-10,3,5564,987,6789,0,6789,139893,84572,
2020-07-02T17:00:00,ITA,14,Molise,41.55774754,14.65916051,0,0,0,21,21,-4,0,401,23,444,1,445,23115,22013,
2020-07-02T17:00:00,ITA,21,P.A. Bolzano,46.49933453,11.35662422,3,0,3,81,84,0,0,2266,292,2642,0,2642,85423,41686,
2020-07-02T17:00:00,ITA,22,P.A. Trento,46.06893511,11.12123097,1,0,1,45,46,-1,1,4414,405,3379,1486,4865,123864,63787,
2020-07-02T17:00:00,ITA,01,Piemonte,45.0732745,7.680687483,248,11,259,1040,1299,-54,13,25983,4096,26969,4409,31378,422647,263385,
2020-07-02T17:00:00,ITA,16,Puglia,41.12559576,16.86736689,24,0,24,85,109,-3,0,3876,545,2154,2376,4530,182713,122302,Per 1487 casi non  disponibile la provenienza
2020-07-02T17:00:00,ITA,20,Sardegna,39.21531192,9.110616306,7,0,7,6,13,2,2,1222,133,1360,8,1368,85381,72197,
2020-07-02T17:00:00,ITA,19,Sicilia,38.11569725,13.362356699999998,17,3,20,114,134,8,9,2674,282,2749,341,3090,214317,174795,
2020-07-02T17:00:00,ITA,09,Toscana,43.76923077,11.25588885,11,3,14,310,324,1,4,8825,1109,10040,218,10258,344383,232951,
2020-07-02T17:00:00,ITA,10,Umbria,43.10675841,12.38824698,3,1,4,7,11,1,3,1353,80,1431,13,1444,97698,66402,
2020-07-02T17:00:00,ITA,02,Valle d'Aosta,45.73750286,7.320149366,2,0,2,1,3,0,0,1046,146,1081,114,1195,18479,13911,
2020-07-02T17:00:00,ITA,05,Veneto,45.43490485,12.33845213,20,0,20,377,397,-21,20,16890,2022,19262,47,19309,982614,415828,
2020-07-03T17:00:00,ITA,13,Abruzzo,42.35122196,13.39843823,27,0,27,129,156,-4,6,2678,464,3104,194,3298,108363,71976,
2020-07-03T17:00:00,ITA,17,Basilicata,40.63947052,15.80514834,0,0,0,4,4,2,2,373,27,401,3,404,40333,39553,"NEL TOTALE CASI POSITIVI SONO COMPRESI ULTERIORI N. 2 SOGGETTI RISULTATI POSITIVI PER ATTIVITA' DI SCREENING, ASINTOMATICI ED  IN ISOLAMENTO DOMICILIARE, NON RESIDENTI E PROVENIENTI DA STATO ESTERO.  "
2020-07-03T17:00:00,ITA,18,Calabria,38.90597598,16.59440194,4,0,4,21,25,0,1,1060,97,1159,23,1182,97852,95818,
2020-07-03T17:00:00,ITA,15,Campania,40.83956555,14.25084984,35,0,35,162,197,7,10,4083,432,4682,30,4712,289253,142219,
2020-07-03T17:00:00,ITA,08,Emilia-Romagna,44.49436681,11.341720800000001,87,9,96,915,1011,8,27,23284,4267,27990,572,28562,508691,304202,
2020-07-03T17:00:00,ITA,06,Friuli Venezia Giulia,45.6494354,13.76813649,6,0,6,62,68,6,4,2905,345,3315,3,3318,196975,108444,
2020-07-03T17:00:00,ITA,12,Lazio,41.89277044,12.48366722,188,11,199,627,826,-5,11,6475,840,6008,2133,8141,346239,283710,
2020-07-03T17:00:00,ITA,07,Liguria,44.41149315,8.9326992,40,3,43,240,283,2,3,8146,1558,8723,1264,9987,151324,80887,
2020-07-03T17:00:00,ITA,03,Lombardia,45.46679409,9.190347404,241,41,282,9395,9677,-150,115,67871,16675,88834,5389,94223,1064173,636860,
2020-07-03T17:00:00,ITA,11,Marche,43.61675973,13.5188753,6,0,6,221,227,-11,0,5575,987,6789,0,6789,140965,85256,
2020-07-03T17:00:00,ITA,14,Molise,41.55774754,14.65916051,0,0,0,21,21,0,0,401,23,444,1,445,23262,22167,
2020-07-03T17:00:00,ITA,21,P.A. Bolzano,46.49933453,11.35662422,3,0,3,80,83,-1,0,2267,292,2642,0,2642,85938,42017,
2020-07-03T17:00:00,ITA,22,P.A. Trento,46.06893511,11.12123097,2,0,2,44,46,0,6,4420,405,3380,1491,4871,125206,64218,
2020-07-03T17:00:00,ITA,01,Piemonte,45.0732745,7.680687483,235,10,245,1030,1275,-24,16,26019,4100,26872,4522,31394,425052,264608,
2020-07-03T17:00:00,ITA,16,Puglia,41.12559576,16.86736689,21,0,21,88,109,0,3,3879,545,2152,2381,4533,184749,123414,Per 1482 casi non  disponibile la provenienza
2020-07-03T17:00:00,ITA,20,Sardegna,39.21531192,9.110616306,6,0,6,8,14,1,1,1222,133,1360,9,1369,86534,72993,
2020-07-03T17:00:00,ITA,19,Sicilia,38.11569725,13.362356699999998,16,2,18,117,135,1,1,2674,282,2749,342,3091,217147,176956,
2020-07-03T17:00:00,ITA,09,Toscana,43.76923077,11.25588885,13,3,16,307,323,-1,9,8832,1112,10049,218,10267,347127,234084,
2020-07-03T17:00:00,ITA,10,Umbria,43.10675841,12.38824698,4,0,4,6,10,-1,2,1356,80,1432,14,1446,98488,66783,
2020-07-03T17:00:00,ITA,02,Valle d'Aosta,45.73750286,7.320149366,3,0,3,1,4,1,1,1046,146,1082,114,1196,18576,13966,
2020-07-03T17:00:00,ITA,05,Veneto,45.43490485,12.33845213,19,0,19,371,390,-7,5,16901,2023,19263,51,19314,992568,417996,
2020-07-04T17:00:00,ITA,13,Abruzzo,42.35122196,13.39843823,28,0,28,131,159,3,7,2682,464,3108,197,3305,109379,72652,
2020-07-04T17:00:00,ITA,17,Basilicata,40.63947052,15.80514834,0,0,0,4,4,0,0,373,27,401,3,404,40562,39782,"NEL TOTALE CASI POSITIVI SONO COMPRESI ULTERIORI N. 2 SOGGETTI RISULTATI POSITIVI PER ATTIVITA' DI SCREENING, ASINTOMATICI ED  IN ISOLAMENTO DOMICILIARE, NON RESIDENTI E PROVENIENTI DA STATO ESTERO.  "
2020-07-04T17:00:00,ITA,18,Calabria,38.90597598,16.59440194,3,0,3,23,26,1,1,1060,97,1159,24,1183,98936,96902,
2020-07-04T17:00:00,ITA,15,Campania,40.83956555,14.25084984,37,0,37,161,198,1,2,4084,432,4683,31,4714,290745,143232,
2020-07-04T17:00:00,ITA,08,Emilia-Romagna,44.49436681,11.341720800000001,88,8,96,941,1037,26,51,23309,4267,28001,612,28613,514204,307615,
2020-07-04T17:00:00,ITA,06,Friuli Venezia Giulia,45.6494354,13.76813649,6,0,6,67,73,5,8,2908,345,3322,4,3326,199207,109076,
2020-07-04T17:00:00,ITA,12,Lazio,41.89277044,12.48366722,197,11,208,646,854,28,31,6477,841,6019,2153,8172,348633,285697,
2020-07-04T17:00:00,ITA,07,Liguria,44.41149315,8.9326992,39,2,41,242,283,0,4,8150,1558,8713,1278,9991,152888,81739,
2020-07-04T17:00:00,ITA,03,Lombardia,45.46679409,9.190347404,231,36,267,9159,9426,-251,95,68201,16691,88857,5461,94318,1074333,642762,
2020-07-04T17:00:00,ITA,11,Marche,43.61675973,13.5188753,5,0,5,198,203,-24,0,5599,987,6789,0,6789,142031,85913,
2020-07-04T17:00:00,ITA,14,Molise,41.55774754,14.65916051,0,0,0,21,21,0,0,401,23,444,1,445,23399,22303,
2020-07-04T17:00:00,ITA,21,P.A. Bolzano,46.49933453,11.35662422,3,0,3,82,85,2,3,2268,292,2645,0,2645,86556,42385,
2020-07-04T17:00:00,ITA,22,P.A. Trento,46.06893511,11.12123097,2,0,2,46,48,2,2,4420,405,3380,1493,4873,126689,64691,
2020-07-04T17:00:00,ITA,01,Piemonte,45.0732745,7.680687483,225,9,234,983,1217,-58,11,26086,4102,26713,4692,31405,427590,266238,
2020-07-04T17:00:00,ITA,16,Puglia,41.12559576,16.86736689,21,0,21,90,111,2,3,3880,545,2143,2393,4536,186569,125029,Per 1469 casi non  disponibile la provenienza
2020-07-04T17:00:00,ITA,20,Sardegna,39.21531192,9.110616306,6,0,6,7,13,-1,0,1223,133,1360,9,1369,87244,73703,
2020-07-04T17:00:00,ITA,19,Sicilia,38.11569725,13.362356699999998,15,2,17,121,138,3,3,2674,282,2749,345,3094,219841,179117,
2020-07-04T17:00:00,ITA,09,Toscana,43.76923077,11.25588885,11,2,13,311,324,1,9,8838,1114,10058,218,10276,349745,235764,
2020-07-04T17:00:00,ITA,10,Umbria,43.10675841,12.38824698,4,0,4,5,9,-1,1,1358,80,1433,14,1447,99397,67231,
2020-07-04T17:00:00,ITA,02,Valle d'Aosta,45.73750286,7.320149366,3,0,3,1,4,0,0,1046,146,1082,114,1196,18650,14000,
2020-07-04T17:00:00,ITA,05,Veneto,45.43490485,12.33845213,16,1,17,371,388,-2,4,16907,2023,19265,53,19318,1004228,421242,
2020-07-05T17:00:00,ITA,13,Abruzzo,42.35122196,13.39843823,30,0,30,133,163,4,4,2682,464,3107,202,3309,110052,73142,
2020-07-05T17:00:00,ITA,17,Basilicata,40.63947052,15.80514834,0,0,0,4,4,0,0,373,27,400,4,404,40562,39782,"NEL TOTALE CASI POSITIVI SONO COMPRESI ULTERIORI N. 2 SOGGETTI RISULTATI POSITIVI PER ATTIVITA' DI SCREENING, ASINTOMATICI ED  IN ISOLAMENTO DOMICILIARE, NON RESIDENTI E PROVENIENTI DA STATO ESTERO.  "
2020-07-05T17:00:00,ITA,18,Calabria,38.90597598,16.59440194,3,0,3,23,26,0,0,1060,97,1159,24,1183,99467,97433,
2020-07-05T17:00:00,ITA,15,Campania,40.83956555,14.25084984,36,0,36,165,201,3,5,4086,432,4685,34,4719,292593,144281,
2020-07-05T17:00:00,ITA,08,Emilia-Romagna,44.49436681,11.341720800000001,88,9,97,932,1029,-8,24,23340,4268,28012,625,28637,517215,309970,
2020-07-05T17:00:00,ITA,06,Friuli Venezia Giulia,45.6494354,13.76813649,7,0,7,66,73,0,0,2908,345,3322,4,3326,199988,109389,
2020-07-05T17:00:00,ITA,12,Lazio,41.89277044,12.48366722,199,11,210,651,861,7,14,6484,841,6025,2161,8186,350978,287673,
2020-07-05T17:00:00,ITA,07,Liguria,44.41149315,8.9326992,43,3,46,243,289,6,8,8152,1558,8721,1278,9999,154061,82338,
2020-07-05T17:00:00,ITA,03,Lombardia,45.46679409,9.190347404,230,36,266,9179,9445,19,98,68274,16697,88891,5525,94416,1083105,647739,
2020-07-05T17:00:00,ITA,11,Marche,43.61675973,13.5188753,5,0,5,189,194,-9,1,5609,987,6790,0,6790,143029,86515,
2020-07-05T17:00:00,ITA,14,Molise,41.55774754,14.65916051,0,0,0,21,21,0,0,401,23,444,1,445,23529,22432,
2020-07-05T17:00:00,ITA,21,P.A. Bolzano,46.49933453,11.35662422,3,0,3,82,85,0,2,2270,292,2647,0,2647,87236,42772,
2020-07-05T17:00:00,ITA,22,P.A. Trento,46.06893511,11.12123097,2,0,2,40,42,-6,0,4426,405,3380,1493,4873,127886,65033,
2020-07-05T17:00:00,ITA,01,Piemonte,45.0732745,7.680687483,226,9,235,982,1217,0,18,26104,4102,26686,4737,31423,430300,267961,
2020-07-05T17:00:00,ITA,16,Puglia,41.12559576,16.86736689,20,0,20,90,110,-1,0,3881,545,2142,2394,4536,188242,125961,per 1468 casi non  disponibile la provenienza
2020-07-05T17:00:00,ITA,20,Sardegna,39.21531192,9.110616306,4,0,4,8,12,-1,1,1225,133,1360,10,1370,87553,74074,
2020-07-05T17:00:00,ITA,19,Sicilia,38.11569725,13.362356699999998,13,2,15,123,138,0,0,2674,282,2749,345,3094,221210,180132,
2020-07-05T17:00:00,ITA,09,Toscana,43.76923077,11.25588885,12,2,14,316,330,6,9,8841,1114,10065,220,10285,352549,237344,
2020-07-05T17:00:00,ITA,10,Umbria,43.10675841,12.38824698,4,0,4,5,9,0,0,1358,80,1433,14,1447,100193,67644,
2020-07-05T17:00:00,ITA,02,Valle d'Aosta,45.73750286,7.320149366,4,0,4,1,5,1,0,1045,146,1082,114,1196,18707,14039,
2020-07-05T17:00:00,ITA,05,Veneto,45.43490485,12.33845213,16,2,18,370,388,0,8,16915,2023,19268,58,19326,1009833,422585,
